session_id,date,block_type,duration_min,intensity,hr_range_bpm,distance_mi,load_summary,rpe,fed_state,execution_state,equipment_context,context_tags,protocol_status,source_ref
2026-02-09-LEGACY,2026-02-09,legacy_firmware_block,52 min + circuits,low-moderate,120-145,2.9,hv_ls,3-4,fed,controlled,legacy_firmware,pre_trudiagnostic;sauna_withheld_prior_day,testing_context,private_pdf:Daniel_Dataset_v1.0:Training Blocks:2026-02-09
2026-02-10-LEGACY,2026-02-10,legacy_firmware_block,52 min + circuits,low-moderate,120-145,,hv_ls,3-4,fed,controlled,legacy_firmware,trudiagnostic_testing;barcode_failure;sympathetic_spike,testing_context,private_pdf:Daniel_Dataset_v1.0:Training Blocks:2026-02-10
2026-02-11-LEGACY,2026-02-11,legacy_firmware_block,52 min + circuits,low-moderate,120-145,,hv_ls,3-4,fasted,controlled,legacy_firmware,trudiagnostic_collection_second_attempt,testing_context,private_pdf:Daniel_Dataset_v1.0:Training Blocks:2026-02-11
2026-02-12-LEGACY,2026-02-12,legacy_firmware_block,52 min + circuits,low-moderate,120-145,,hv_ls,3-4,fasted,controlled,legacy_firmware,dexa_bodpod_testing,testing_context,private_pdf:Daniel_Dataset_v1.0:Training Blocks:2026-02-12
2026-02-13-B1LI,2026-02-13,b1_load_integration,30 min B1 + 35-45 strength,low-moderate hybrid,120-140,1.6,tb;ss;pu,6-7,fed,controlled,phase2_load_integration,phase2_load_integration_initiation;b1_reduced_volume,protocol_transition,private_pdf:Daniel_Dataset_v1.0:Training Blocks:2026-02-13:B1LI
2026-02-14-B1LI,2026-02-14,b1_load_integration,30 min B1 + 35-45 strength,low-moderate hybrid,120-140,,tb3x5;ss3x5;pu4x3,6-7,fed,controlled,phase2_load_integration,load_integration_day2;grip_friction,as_prescribed,private_pdf:Daniel_Dataset_v1.0:Training Blocks:2026-02-14:B1LI
2026-02-15-B1,2026-02-15,b1,55,low-moderate,120-145,3.0,,3-4,fed,controlled,b1_standard,b1_restoration,as_prescribed,private_pdf:Daniel_Dataset_v1.0:Training Blocks:2026-02-15:B1
2026-02-16-B1LI,2026-02-16,b1_load_integration,90,10% / 3.3 mph + Moderate Strength,125-140,3.02,tb3x5;pu4x4;ss3x5,7,fed,controlled,phase2_load_integration,controlled_progression,as_prescribed,private_workbook:Daniel_Dataset_v1.1:Training Blocks:2026-02-16:B1LI
2026-02-17-B1LI,2026-02-17,b1_load_integration,80,10% / 3.3 mph + Technical Strength,120-135,3.02,,6,fed,controlled,phase2_load_integration,,as_prescribed,private_workbook:Daniel_Dataset_v1.1:Training Blocks:2026-02-17:B1LI
2026-02-18-B1LI,2026-02-18,b1_load_integration,80,10% / 3.3 mph + Technical Strength,120-135,3.02,,6,fed,controlled,phase2_load_integration,,as_prescribed,private_workbook:Daniel_Dataset_v1.1:Training Blocks:2026-02-18:B1LI
2026-02-19-B1LI,2026-02-19,b1_load_integration,80,10% / 3.3 mph + Technical Strength,120-135,3.02,,6,fed,controlled,phase2_load_integration,,as_prescribed,private_workbook:Daniel_Dataset_v1.1:Training Blocks:2026-02-19:B1LI
2026-02-20-B1LI,2026-02-20,b1_load_integration,80,10% / 3.3 mph + Technical Strength,120-135,3.02,,6,fed,controlled,phase2_load_integration,,as_prescribed,private_workbook:Daniel_Dataset_v1.1:Training Blocks:2026-02-20:B1LI
2026-02-21-B1LI,2026-02-21,b1_load_integration,80,10% / 3.3 mph + Technical Strength,120-135,3.02,,6,fed,controlled,phase2_load_integration,,as_prescribed,private_workbook:Daniel_Dataset_v1.1:Training Blocks:2026-02-21:B1LI
2026-02-22-B1LI,2026-02-22,b1_load_integration,80,10% / 3.3 mph + Technical Strength,120-135,3.02,,6,fed,controlled,phase2_load_integration,,as_prescribed,private_workbook:Daniel_Dataset_v1.1:Training Blocks:2026-02-22:B1LI
2026-02-23-B1LI,2026-02-23,b1_load_integration,80,10% / 3.3 mph + Technical Strength,120-135,3.02,,6,fed,controlled,phase2_load_integration,,as_prescribed,private_workbook:Daniel_Dataset_v1.2:Training Blocks:2026-02-23:B1LI
2026-02-24-B1LI,2026-02-24,b1_load_integration,80,10% / 3.3 mph + Technical Strength,120-135,3.02,,6,fed,controlled,phase2_load_integration,,as_prescribed,private_workbook:Daniel_Dataset_v1.2:Training Blocks:2026-02-24:B1LI
2026-02-25-B1LI,2026-02-25,b1_load_integration,80,10% / 3.3 mph + Technical Strength,120-135,3.02,,6,fed,controlled,phase2_load_integration,,as_prescribed,private_workbook:Daniel_Dataset_v1.2:Training Blocks:2026-02-25:B1LI
2026-02-26-B1LI,2026-02-26,b1_load_integration,80,10% / 3.3 mph + Technical Strength,120-135,3.02,,6,fed,controlled,phase2_load_integration,,as_prescribed,private_workbook:Daniel_Dataset_v1.2:Training Blocks:2026-02-26:B1LI
2026-02-27-B1LI,2026-02-27,b1_load_integration,80,10% / 3.3 mph + Technical Strength,120-135,3.02,,6,fed,controlled,phase2_load_integration,,as_prescribed,private_workbook:Daniel_Dataset_v1.2:Training Blocks:2026-02-27:B1LI
2026-02-28-B1LI,2026-02-28,b1_load_integration,80,10% / 3.3 mph + Technical Strength,120-135,3.02,,6,fed,controlled,phase2_load_integration,,as_prescribed,private_workbook:Daniel_Dataset_v1.2:Training Blocks:2026-02-28:B1LI
2026-03-01-B1LI,2026-03-01,b1_load_integration,80,10% / 3.3 mph + Technical Strength,120-135,3.02,,6,fed,controlled,phase2_load_integration,,as_prescribed,private_workbook:Daniel_Dataset_v1.2:Training Blocks:2026-03-01:B1LI
2026-03-02-B1LI,2026-03-02,b1_load_integration,80,10% / 3.3 mph + Technical Strength,120-135,3.02,,6,fed,controlled,phase2_load_integration,,as_prescribed,private_workbook:Daniel_Dataset_v1.3:Training Blocks:2026-03-02:B1LI
2026-03-03-B1LI,2026-03-03,b1_load_integration,80,10% / 3.3 mph + Technical Strength,120-135,3.02,,6,fed,controlled,phase2_load_integration,,as_prescribed,private_workbook:Daniel_Dataset_v1.3:Training Blocks:2026-03-03:B1LI
2026-03-04-B1LI,2026-03-04,b1_load_integration,80,10% / 3.3 mph + Technical Strength,120-135,3.02,,6,fed,controlled,phase2_load_integration,,as_prescribed,private_workbook:Daniel_Dataset_v1.3:Training Blocks:2026-03-04:B1LI
2026-03-05-B1LI,2026-03-05,b1_load_integration,80,10% / 3.3 mph + Technical Strength,120-135,3.02,,6,fed,controlled,phase2_load_integration,,as_prescribed,private_workbook:Daniel_Dataset_v1.3:Training Blocks:2026-03-05:B1LI
2026-03-06-B1LI,2026-03-06,b1_load_integration,80,10% / 3.3 mph + Technical Strength,120-135,3.02,,6,fed,controlled,phase2_load_integration,,as_prescribed,private_workbook:Daniel_Dataset_v1.3:Training Blocks:2026-03-06:B1LI
2026-03-07-B1LI,2026-03-07,b1_load_integration,80,10% / 3.3 mph + Technical Strength,120-135,3.02,,6,fed,controlled,phase2_load_integration,,as_prescribed,private_workbook:Daniel_Dataset_v1.3:Training Blocks:2026-03-07:B1LI
2026-03-08-B1LI,2026-03-08,b1_load_integration,80,10% / 3.3 mph + Technical Strength,120-135,3.02,,6,fed,controlled,phase2_load_integration,,as_prescribed,private_workbook:Daniel_Dataset_v1.3:Training Blocks:2026-03-08:B1LI
2026-03-09-B1LI,2026-03-09,b1_load_integration,80,10% / 3.3 mph + Technical Strength,120-135,3.02,,6,fed,controlled,phase2_load_integration,,as_prescribed,private_workbook:Daniel_Dataset_v1.4:Training Blocks:2026-03-09:B1LI
2026-03-10-B1LI,2026-03-10,b1_load_integration,80,10% / 3.3 mph + Technical Strength,120-135,3.02,,6,fed,controlled,phase2_load_integration,,as_prescribed,private_workbook:Daniel_Dataset_v1.4:Training Blocks:2026-03-10:B1LI
2026-03-11-B1LI,2026-03-11,b1_load_integration,80,10% / 3.3 mph + Technical Strength,120-135,3.02,,6,fed,controlled,phase2_load_integration,,as_prescribed,private_workbook:Daniel_Dataset_v1.4:Training Blocks:2026-03-11:B1LI
2026-03-12-B1LI,2026-03-12,b1_load_integration,80,10% / 3.3 mph + Technical Strength,120-135,3.02,,6,fed,controlled,phase2_load_integration,,as_prescribed,private_workbook:Daniel_Dataset_v1.4:Training Blocks:2026-03-12:B1LI
2026-03-13-B1LI,2026-03-13,b1_load_integration,80,10% / 3.3 mph + Technical Strength,120-135,3.02,,6,fed,controlled,phase2_load_integration,,as_prescribed,private_workbook:Daniel_Dataset_v1.4:Training Blocks:2026-03-13:B1LI
2026-03-14-B1LI,2026-03-14,b1_load_integration,80,10% / 3.3 mph + Technical Strength,120-135,3.02,,6,fed,controlled,phase2_load_integration,,as_prescribed,private_workbook:Daniel_Dataset_v1.4:Training Blocks:2026-03-14:B1LI
2026-03-15-B1LI,2026-03-15,b1_load_integration,80,10% / 3.3 mph + Technical Strength,120-135,3.02,,6,fed,controlled,phase2_load_integration,,as_prescribed,private_workbook:Daniel_Dataset_v1.4:Training Blocks:2026-03-15:B1LI
2026-03-16-B1LI,2026-03-16,b1_load_integration,80,10% / 3.3 mph + Technical Strength,120-135,3.02,,6,fed,controlled,phase2_load_integration,,as_prescribed,private_workbook:Daniel_Dataset_v1.5:Training Blocks:2026-03-16:B1LI
2026-03-17-B1LI,2026-03-17,b1_load_integration,80,10% / 3.3 mph + Technical Strength,120-135,3.02,,6,fed,controlled,phase2_load_integration,,as_prescribed,private_workbook:Daniel_Dataset_v1.5:Training Blocks:2026-03-17:B1LI
2026-03-18-B1LI,2026-03-18,b1_load_integration,80,10% / 3.3 mph + Technical Strength,120-135,3.02,,6,fed,controlled,phase2_load_integration,,as_prescribed,private_workbook:Daniel_Dataset_v1.5:Training Blocks:2026-03-18:B1LI
2026-03-19-B1LI,2026-03-19,b1_load_integration,80,10% / 3.3 mph + Technical Strength,120-135,3.02,,6,fed,controlled,phase2_load_integration,,as_prescribed,private_workbook:Daniel_Dataset_v1.5:Training Blocks:2026-03-19:B1LI
2026-03-20-B1LI,2026-03-20,b1_load_integration,80,10% / 3.3 mph + Technical Strength,120-135,3.02,,6,fed,controlled,phase2_load_integration,,as_prescribed,private_workbook:Daniel_Dataset_v1.5:Training Blocks:2026-03-20:B1LI
2026-03-21-B1LI,2026-03-21,b1_load_integration,80,10% / 3.3 mph + Technical Strength,120-135,3.02,,6,fed,controlled,phase2_load_integration,,as_prescribed,private_workbook:Daniel_Dataset_v1.5:Training Blocks:2026-03-21:B1LI
2026-03-22-B1LI,2026-03-22,b1_load_integration,80,10% / 3.3 mph + Technical Strength,120-135,3.02,,6,fed,controlled,phase2_load_integration,,as_prescribed,private_workbook:Daniel_Dataset_v1.5:Training Blocks:2026-03-22:B1LI
2026-03-23-B1LI,2026-03-23,b1_load_integration,80,10% / 3.3 mph + Technical Strength,120-135,3.02,,6,fed,controlled,phase2_load_integration,,as_prescribed,private_workbook:Daniel_Dataset_v1.6:Training Blocks:2026-03-23:B1LI
2026-03-24-B1LI,2026-03-24,b1_load_integration,80,10% / 3.3 mph + Technical Strength,120-135,3.02,,6,fed,controlled,phase2_load_integration,,as_prescribed,private_workbook:Daniel_Dataset_v1.6:Training Blocks:2026-03-24:B1LI
2026-03-25-B1LI,2026-03-25,b1_load_integration,80,10% / 3.3 mph + Technical Strength,120-135,3.02,,6,fed,controlled,phase2_load_integration,,as_prescribed,private_workbook:Daniel_Dataset_v1.6:Training Blocks:2026-03-25:B1LI
2026-03-26-B1LI,2026-03-26,b1_load_integration,80,10% / 3.3 mph + Technical Strength,120-135,3.02,,6,fed,controlled,phase2_load_integration,,as_prescribed,private_workbook:Daniel_Dataset_v1.6:Training Blocks:2026-03-26:B1LI
2026-03-27-B1LI,2026-03-27,b1_load_integration,80,10% / 3.3 mph + Technical Strength,120-135,3.02,,6,fed,controlled,phase2_load_integration,,as_prescribed,private_workbook:Daniel_Dataset_v1.6:Training Blocks:2026-03-27:B1LI
2026-03-28-B1LI,2026-03-28,b1_load_integration,80,10% / 3.3 mph + Technical Strength,120-135,3.02,,6,fed,controlled,phase2_load_integration,,as_prescribed,private_workbook:Daniel_Dataset_v1.6:Training Blocks:2026-03-28:B1LI
2026-03-29-B1LI,2026-03-29,b1_load_integration,80,10% / 3.3 mph + Technical Strength,120-135,3.02,,6,fed,controlled,phase2_load_integration,,as_prescribed,private_workbook:Daniel_Dataset_v1.6:Training Blocks:2026-03-29:B1LI
2026-03-30-B1LI,2026-03-30,b1_load_integration,80,10% / 3.3 mph + Technical Strength,120-135,3.02,,6,fed,controlled,phase2_load_integration,,as_prescribed,private_workbook:Daniel_Dataset_v1.7:Training Blocks:2026-03-30:B1LI
2026-03-31-B1LI,2026-03-31,b1_load_integration,80,10% / 3.3 mph + Technical Strength,120-135,3.02,,6,fed,controlled,phase2_load_integration,,as_prescribed,private_workbook:Daniel_Dataset_v1.7:Training Blocks:2026-03-31:B1LI
2026-04-01-B1LI,2026-04-01,b1_load_integration,80,10% / 3.3 mph + Technical Strength,120-135,3.02,,6,fed,controlled,phase2_load_integration,,as_prescribed,private_workbook:Daniel_Dataset_v1.7:Training Blocks:2026-04-01:B1LI
2026-04-02-B1LI,2026-04-02,b1_load_integration,80,10% / 3.3 mph + Technical Strength,120-135,3.02,,6,fed,controlled,phase2_load_integration,,as_prescribed,private_workbook:Daniel_Dataset_v1.7:Training Blocks:2026-04-02:B1LI
2026-04-03-B1LI,2026-04-03,b1_load_integration,80,10% / 3.3 mph + Technical Strength,120-135,3.02,,6,fed,controlled,phase2_load_integration,,as_prescribed,private_workbook:Daniel_Dataset_v1.7:Training Blocks:2026-04-03:B1LI
2026-04-04-B1LI,2026-04-04,b1_load_integration,80,10% / 3.3 mph + Technical Strength,120-135,3.02,,6,fed,controlled,phase2_load_integration,,as_prescribed,private_workbook:Daniel_Dataset_v1.7:Training Blocks:2026-04-04:B1LI
2026-04-05-B1LI,2026-04-05,b1_load_integration,80,10% / 3.3 mph + Technical Strength,120-135,3.02,,6,fed,controlled,phase2_load_integration,,as_prescribed,private_workbook:Daniel_Dataset_v1.7:Training Blocks:2026-04-05:B1LI
2026-04-06-B1LI,2026-04-06,b1_load_integration,80,10% / 3.3 mph + Technical Strength,120-135,3.02,,6,fed,controlled,phase2_load_integration,,as_prescribed,private_workbook:Daniel_Dataset_v1.8:Training Blocks:2026-04-06:B1LI
2026-04-07-B1LI,2026-04-07,b1_load_integration,80,10% / 3.3 mph + Technical Strength,120-135,3.02,,6,fed,controlled,phase2_load_integration,,as_prescribed,private_workbook:Daniel_Dataset_v1.8:Training Blocks:2026-04-07:B1LI
2026-04-08-B1LI,2026-04-08,b1_load_integration,80,10% / 3.3 mph + Technical Strength,120-135,3.02,,6,fed,controlled,phase2_load_integration,,as_prescribed,private_workbook:Daniel_Dataset_v1.8:Training Blocks:2026-04-08:B1LI
2026-04-09-B1LI,2026-04-09,b1_load_integration,80,10% / 3.3 mph + Technical Strength,120-135,3.02,,6,fed,controlled,phase2_load_integration,,as_prescribed,private_workbook:Daniel_Dataset_v1.8:Training Blocks:2026-04-09:B1LI
2026-04-10-B1LI,2026-04-10,b1_load_integration,80,10% / 3.3 mph + Technical Strength,120-135,3.02,,6,fed,controlled,phase2_load_integration,,as_prescribed,private_workbook:Daniel_Dataset_v1.8:Training Blocks:2026-04-10:B1LI
2026-04-11-B1LI,2026-04-11,b1_load_integration,80,10% / 3.3 mph + Technical Strength,120-135,3.02,,6,fed,controlled,phase2_load_integration,,as_prescribed,private_workbook:Daniel_Dataset_v1.8:Training Blocks:2026-04-11:B1LI
2026-04-12-B1LI,2026-04-12,b1_load_integration,80,10% / 3.3 mph + Technical Strength,120-135,3.02,,6,fed,controlled,phase2_load_integration,,as_prescribed,private_workbook:Daniel_Dataset_v1.8:Training Blocks:2026-04-12:B1LI
2026-04-13-B1LI,2026-04-13,b1_load_integration,80,10% / 3.3 mph + Technical Strength,120-135,3.02,,6,fed,controlled,phase2_load_integration,,as_prescribed,private_workbook:Daniel_Dataset_v1.9:Training Blocks:2026-04-13:B1LI
2026-04-14-B1LI,2026-04-14,b1_load_integration,80,10% / 3.3 mph + Technical Strength,120-135,3.02,,6,fed,controlled,phase2_load_integration,,as_prescribed,private_workbook:Daniel_Dataset_v1.9:Training Blocks:2026-04-14:B1LI
2026-04-15-B1LI,2026-04-15,b1_load_integration,80,10% / 3.3 mph + Technical Strength,120-135,3.02,,6,fed,controlled,phase2_load_integration,,as_prescribed,private_workbook:Daniel_Dataset_v1.9:Training Blocks:2026-04-15:B1LI
2026-04-16-B1LI,2026-04-16,b1_load_integration,80,10% / 3.3 mph + Technical Strength,120-135,3.02,,6,fed,controlled,phase2_load_integration,,as_prescribed,private_workbook:Daniel_Dataset_v1.9:Training Blocks:2026-04-16:B1LI
2026-04-17-B1LI,2026-04-17,b1_load_integration,80,10% / 3.3 mph + Technical Strength,120-135,3.02,,6,fed,controlled,phase2_load_integration,,as_prescribed,private_workbook:Daniel_Dataset_v1.9:Training Blocks:2026-04-17:B1LI
2026-04-18-B1LI,2026-04-18,b1_load_integration,80,10% / 3.3 mph + Technical Strength,120-135,3.02,,6,fed,controlled,phase2_load_integration,,as_prescribed,private_workbook:Daniel_Dataset_v1.9:Training Blocks:2026-04-18:B1LI
2026-04-19-B1LI,2026-04-19,b1_load_integration,80,10% / 3.3 mph + Technical Strength,120-135,3.02,,6,fed,controlled,phase2_load_integration,,as_prescribed,private_workbook:Daniel_Dataset_v1.9:Training Blocks:2026-04-19:B1LI
2026-04-20-B1LI,2026-04-20,b1_load_integration,80,10% / 3.3 mph + Technical Strength,120-135,3.02,,6,fed,controlled,phase2_load_integration,,as_prescribed,private_workbook:Daniel_Dataset_v1.10:Training Blocks:2026-04-20:B1LI
2026-04-21-B1LI,2026-04-21,b1_load_integration,80,10% / 3.3 mph + Technical Strength,120-135,3.02,,6,fed,controlled,phase2_load_integration,,as_prescribed,private_workbook:Daniel_Dataset_v1.10:Training Blocks:2026-04-21:B1LI
2026-04-22-B1LI,2026-04-22,b1_load_integration,80,10% / 3.3 mph + Technical Strength,120-135,3.02,,6,fed,controlled,phase2_load_integration,,as_prescribed,private_workbook:Daniel_Dataset_v1.10:Training Blocks:2026-04-22:B1LI
2026-04-23-B1LI,2026-04-23,b1_load_integration,80,10% / 3.3 mph + Technical Strength,120-135,3.02,,6,fed,controlled,phase2_load_integration,,as_prescribed,private_workbook:Daniel_Dataset_v1.10:Training Blocks:2026-04-23:B1LI
2026-04-24-B1LI,2026-04-24,b1_load_integration,80,10% / 3.3 mph + Technical Strength,120-135,3.02,,6,fed,controlled,phase2_load_integration,,as_prescribed,private_workbook:Daniel_Dataset_v1.10:Training Blocks:2026-04-24:B1LI
2026-04-25-B1LI,2026-04-25,b1_load_integration,80,10% / 3.3 mph + Technical Strength,120-135,3.02,,6,fed,controlled,phase2_load_integration,,as_prescribed,private_workbook:Daniel_Dataset_v1.10:Training Blocks:2026-04-25:B1LI
2026-04-26-B1LI,2026-04-26,b1_load_integration,80,10% / 3.3 mph + Technical Strength,120-135,3.02,,6,fed,controlled,phase2_load_integration,,as_prescribed,private_workbook:Daniel_Dataset_v1.10:Training Blocks:2026-04-26:B1LI
2026-04-27-B1LI,2026-04-27,b1_load_integration,80,10% / 3.3 mph + Technical Strength,120-135,3.02,,6,fed,controlled,phase2_load_integration,,as_prescribed,private_workbook:Daniel_Dataset_v1.11:Training Blocks:2026-04-27:B1LI
2026-04-28-B1LI,2026-04-28,b1_load_integration,80,10% / 3.3 mph + Technical Strength,120-135,3.02,,6,fed,controlled,phase2_load_integration,,as_prescribed,private_workbook:Daniel_Dataset_v1.11:Training Blocks:2026-04-28:B1LI
2026-04-29-B1LI,2026-04-29,b1_load_integration,80,10% / 3.3 mph + Technical Strength,120-135,3.02,,6,fed,controlled,phase2_load_integration,,as_prescribed,private_workbook:Daniel_Dataset_v1.11:Training Blocks:2026-04-29:B1LI
2026-04-30-B1LI,2026-04-30,b1_load_integration,80,10% / 3.3 mph + Technical Strength,120-135,3.02,,6,fed,controlled,phase2_load_integration,,as_prescribed,private_workbook:Daniel_Dataset_v1.11:Training Blocks:2026-04-30:B1LI
2026-05-01-B1LI,2026-05-01,b1_load_integration,80,10% / 3.3 mph + Technical Strength,120-135,3.02,,6,fed,controlled,phase2_load_integration,,as_prescribed,private_workbook:Daniel_Dataset_v1.11:Training Blocks:2026-05-01:B1LI
2026-05-02-B1LI,2026-05-02,b1_load_integration,80,10% / 3.3 mph + Technical Strength,120-135,3.02,,6,fed,controlled,phase2_load_integration,,as_prescribed,private_workbook:Daniel_Dataset_v1.11:Training Blocks:2026-05-02:B1LI
2026-05-03-B1LI,2026-05-03,b1_load_integration,80,10% / 3.3 mph + Technical Strength,120-135,3.02,,6,fed,controlled,phase2_load_integration,,as_prescribed,private_workbook:Daniel_Dataset_v1.11:Training Blocks:2026-05-03:B1LI
2026-05-04-B1LI,2026-05-04,b1_load_integration,80,10% / 3.3 mph + Technical Strength,120-135,3.02,,6,fed,controlled,phase2_load_integration,,as_prescribed,private_workbook:Daniel_Dataset_v1.12:Training Blocks:2026-05-04:B1LI
2026-05-05-B1LI,2026-05-05,b1_load_integration,80,10% / 3.3 mph + Technical Strength,120-135,3.02,,6,fed,controlled,phase2_load_integration,,as_prescribed,private_workbook:Daniel_Dataset_v1.12:Training Blocks:2026-05-05:B1LI
2026-05-06-B1LI,2026-05-06,b1_load_integration,80,10% / 3.3 mph + Technical Strength,120-135,3.02,,6,fed,controlled,phase2_load_integration,,as_prescribed,private_workbook:Daniel_Dataset_v1.12:Training Blocks:2026-05-06:B1LI
2026-05-07-B1LI,2026-05-07,b1_load_integration,80,10% / 3.3 mph + Technical Strength,120-135,3.02,,6,fed,controlled,phase2_load_integration,,as_prescribed,private_workbook:Daniel_Dataset_v1.12:Training Blocks:2026-05-07:B1LI
2026-05-08-B1LI,2026-05-08,b1_load_integration,80,10% / 3.3 mph + Technical Strength,120-135,3.02,,6,fed,controlled,phase2_load_integration,,as_prescribed,private_workbook:Daniel_Dataset_v1.12:Training Blocks:2026-05-08:B1LI
2026-05-09-B1LI,2026-05-09,b1_load_integration,80,10% / 3.3 mph + Technical Strength,120-135,3.02,,6,fed,controlled,phase2_load_integration,,as_prescribed,private_workbook:Daniel_Dataset_v1.12:Training Blocks:2026-05-09:B1LI
2026-05-10-B1LI,2026-05-10,b1_load_integration,80,10% / 3.3 mph + Technical Strength,120-135,3.02,,6,fed,controlled,phase2_load_integration,,as_prescribed,private_workbook:Daniel_Dataset_v1.12:Training Blocks:2026-05-10:B1LI
2026-05-11-B1LI,2026-05-11,b1_load_integration,80,10% / 3.3 mph + Technical Strength,120-135,3.02,,6,fed,controlled,phase2_load_integration,,as_prescribed,private_workbook:Daniel_Dataset_v1.13:Training Blocks:2026-05-11:B1LI
2026-05-12-B1LI,2026-05-12,b1_load_integration,80,10% / 3.3 mph + Technical Strength,120-135,3.02,,6,fed,controlled,phase2_load_integration,,as_prescribed,private_workbook:Daniel_Dataset_v1.13:Training Blocks:2026-05-12:B1LI
2026-05-13-B1LI,2026-05-13,b1_load_integration,80,10% / 3.3 mph + Technical Strength,120-135,3.02,,6,fed,controlled,phase2_load_integration,,as_prescribed,private_workbook:Daniel_Dataset_v1.13:Training Blocks:2026-05-13:B1LI
2026-05-14-B1LI,2026-05-14,b1_load_integration,80,10% / 3.3 mph + Technical Strength,120-135,3.02,,6,fed,controlled,phase2_load_integration,,as_prescribed,private_workbook:Daniel_Dataset_v1.13:Training Blocks:2026-05-14:B1LI
2026-05-15-B1LI,2026-05-15,b1_load_integration,80,10% / 3.3 mph + Technical Strength,120-135,3.02,,6,fed,controlled,phase2_load_integration,,as_prescribed,private_workbook:Daniel_Dataset_v1.13:Training Blocks:2026-05-15:B1LI
2026-05-16-B1LI,2026-05-16,b1_load_integration,80,10% / 3.3 mph + Technical Strength,120-135,3.02,,6,fed,controlled,phase2_load_integration,,as_prescribed,private_workbook:Daniel_Dataset_v1.13:Training Blocks:2026-05-16:B1LI
2026-05-17-B1LI,2026-05-17,b1_load_integration,80,10% / 3.3 mph + Technical Strength,120-135,3.02,,6,fed,controlled,phase2_load_integration,,as_prescribed,private_workbook:Daniel_Dataset_v1.13:Training Blocks:2026-05-17:B1LI
2026-05-18-B1LI,2026-05-18,b1_load_integration,80,10% / 3.3 mph + Technical Strength,120-135,3.02,,6,fed,controlled,phase2_load_integration,,as_prescribed,private_workbook:Daniel_Dataset_v1.14:Training Blocks:2026-05-18:B1LI
2026-05-19-B1LI,2026-05-19,b1_load_integration,80,10% / 3.3 mph + Technical Strength,120-135,3.02,,6,fed,controlled,phase2_load_integration,,as_prescribed,private_workbook:Daniel_Dataset_v1.14:Training Blocks:2026-05-19:B1LI
2026-05-20-B1LI,2026-05-20,b1_load_integration,80,10% / 3.3 mph + Technical Strength,120-135,3.02,,6,fed,controlled,phase2_load_integration,,as_prescribed,private_workbook:Daniel_Dataset_v1.14:Training Blocks:2026-05-20:B1LI
2026-05-21-B1LI,2026-05-21,b1_load_integration,80,10% / 3.3 mph + Technical Strength,120-135,3.02,,6,fed,controlled,phase2_load_integration,,as_prescribed,private_workbook:Daniel_Dataset_v1.14:Training Blocks:2026-05-21:B1LI
2026-05-22-B1LI,2026-05-22,b1_load_integration,80,10% / 3.3 mph + Technical Strength,120-135,3.02,,6,fed,controlled,phase2_load_integration,,as_prescribed,private_workbook:Daniel_Dataset_v1.14:Training Blocks:2026-05-22:B1LI
2026-05-23-B1LI,2026-05-23,b1_load_integration,80,10% / 3.3 mph + Technical Strength,120-135,3.02,,6,fed,controlled,phase2_load_integration,,as_prescribed,private_workbook:Daniel_Dataset_v1.14:Training Blocks:2026-05-23:B1LI
2026-05-24-B1LI,2026-05-24,b1_load_integration,80,10% / 3.3 mph + Technical Strength,120-135,3.02,,6,fed,controlled,phase2_load_integration,,as_prescribed,private_workbook:Daniel_Dataset_v1.14:Training Blocks:2026-05-24:B1LI
2026-05-25-B1LI,2026-05-25,b1_load_integration,80,10% / 3.3 mph + Technical Strength,120-135,3.02,,6,fed,controlled,phase2_load_integration,,as_prescribed,private_workbook:Daniel_Dataset_v1.15:Training Blocks:2026-05-25:B1LI
2026-05-26-B1LI,2026-05-26,b1_load_integration,80,10% / 3.3 mph + Technical Strength,120-135,3.02,,6,fed,controlled,phase2_load_integration,,as_prescribed,private_workbook:Daniel_Dataset_v1.15:Training Blocks:2026-05-26:B1LI
2026-05-27-B1LI,2026-05-27,b1_load_integration,80,10% / 3.3 mph + Technical Strength,120-135,3.02,,6,fed,controlled,phase2_load_integration,,as_prescribed,private_workbook:Daniel_Dataset_v1.15:Training Blocks:2026-05-27:B1LI
2026-05-28-B1LI,2026-05-28,b1_load_integration,80,10% / 3.3 mph + Technical Strength,120-135,3.02,,6,fed,controlled,phase2_load_integration,,as_prescribed,private_workbook:Daniel_Dataset_v1.15:Training Blocks:2026-05-28:B1LI
2026-05-29-B1LI,2026-05-29,b1_load_integration,80,10% / 3.3 mph + Technical Strength,120-135,3.02,,6,fed,controlled,phase2_load_integration,,as_prescribed,private_workbook:Daniel_Dataset_v1.15:Training Blocks:2026-05-29:B1LI
2026-05-30-B1LI,2026-05-30,b1_load_integration,80,10% / 3.3 mph + Technical Strength,120-135,3.02,,6,fed,controlled,phase2_load_integration,,as_prescribed,private_workbook:Daniel_Dataset_v1.15:Training Blocks:2026-05-30:B1LI
2026-05-31-B1LI,2026-05-31,b1_load_integration,80,10% / 3.3 mph + Technical Strength,120-135,3.02,,6,fed,controlled,phase2_load_integration,,as_prescribed,private_workbook:Daniel_Dataset_v1.15:Training Blocks:2026-05-31:B1LI
2026-06-01-B1LI,2026-06-01,b1_load_integration,80,10% / 3.3 mph + Technical Strength,120-135,3.02,,6,fed,controlled,phase2_load_integration,,as_prescribed,private_workbook:Daniel_Dataset_v1.16:Training Blocks:2026-06-01:B1LI
2026-06-02-B1LI,2026-06-02,b1_load_integration,80,10% / 3.3 mph + Technical Strength,120-135,3.02,,6,fed,controlled,phase2_load_integration,,as_prescribed,private_workbook:Daniel_Dataset_v1.16:Training Blocks:2026-06-02:B1LI
2026-06-03-B1LI,2026-06-03,b1_load_integration,80,10% / 3.3 mph + Technical Strength,120-135,3.02,,6,fed,controlled,phase2_load_integration,,as_prescribed,private_workbook:Daniel_Dataset_v1.16:Training Blocks:2026-06-03:B1LI
2026-06-04-B1LI,2026-06-04,b1_load_integration,80,10% / 3.3 mph + Technical Strength,120-135,3.02,,6,fed,controlled,phase2_load_integration,,as_prescribed,private_workbook:Daniel_Dataset_v1.16:Training Blocks:2026-06-04:B1LI
2026-06-05-B1LI,2026-06-05,b1_load_integration,80,10% / 3.3 mph + Technical Strength,120-135,3.02,,6,fed,controlled,phase2_load_integration,,as_prescribed,private_workbook:Daniel_Dataset_v1.16:Training Blocks:2026-06-05:B1LI
2026-06-06-B1LI,2026-06-06,b1_load_integration,80,10% / 3.3 mph + Technical Strength,120-135,3.02,,6,fed,controlled,phase2_load_integration,,as_prescribed,private_workbook:Daniel_Dataset_v1.16:Training Blocks:2026-06-06:B1LI
2026-06-07-B1LI,2026-06-07,b1_load_integration,80,10% / 3.3 mph + Technical Strength,120-135,3.02,,6,fed,controlled,phase2_load_integration,,as_prescribed,private_workbook:Daniel_Dataset_v1.16:Training Blocks:2026-06-07:B1LI
2026-06-08-B1LI,2026-06-08,b1_load_integration,80,10% / 3.3 mph + Technical Strength,120-135,3.02,,6,fed,controlled,phase2_load_integration,,as_prescribed,private_workbook:Daniel_Dataset_v1.17:Training Blocks:2026-06-08:B1LI
2026-06-09-B1LI,2026-06-09,b1_load_integration,80,10% / 3.3 mph + Technical Strength,120-135,3.02,,6,fed,controlled,phase2_load_integration,,as_prescribed,private_workbook:Daniel_Dataset_v1.17:Training Blocks:2026-06-09:B1LI
2026-06-10-B1LI,2026-06-10,b1_load_integration,80,10% / 3.3 mph + Technical Strength,120-135,3.02,,6,fed,controlled,phase2_load_integration,,as_prescribed,private_workbook:Daniel_Dataset_v1.17:Training Blocks:2026-06-10:B1LI
2026-06-11-B1LI,2026-06-11,b1_load_integration,80,10% / 3.3 mph + Technical Strength,120-135,3.02,,6,fed,controlled,phase2_load_integration,,as_prescribed,private_workbook:Daniel_Dataset_v1.17:Training Blocks:2026-06-11:B1LI
2026-06-12-B1LI,2026-06-12,b1_load_integration,80,10% / 3.3 mph + Technical Strength,120-135,3.02,,6,fed,controlled,phase2_load_integration,,as_prescribed,private_workbook:Daniel_Dataset_v1.17:Training Blocks:2026-06-12:B1LI
2026-06-13-B1LI,2026-06-13,b1_load_integration,80,10% / 3.3 mph + Technical Strength,120-135,3.02,,6,fed,controlled,phase2_load_integration,,as_prescribed,private_workbook:Daniel_Dataset_v1.17:Training Blocks:2026-06-13:B1LI
2026-06-14-B1LI,2026-06-14,b1_load_integration,80,10% / 3.3 mph + Technical Strength,120-135,3.02,,6,fed,controlled,phase2_load_integration,,as_prescribed,private_workbook:Daniel_Dataset_v1.17:Training Blocks:2026-06-14:B1LI
2026-06-15-B1LI,2026-06-15,b1_load_integration,80,10% / 3.3 mph + Technical Strength,120-135,3.02,,6,fed,controlled,phase2_load_integration,,as_prescribed,private_workbook:Daniel_Dataset_v1.18:Training Blocks:2026-06-15:B1LI
2026-06-16-B1LI,2026-06-16,b1_load_integration,80,10% / 3.3 mph + Technical Strength,120-135,3.02,,6,fed,controlled,phase2_load_integration,,as_prescribed,private_workbook:Daniel_Dataset_v1.18:Training Blocks:2026-06-16:B1LI
2026-06-17-B1LI,2026-06-17,b1_load_integration,80,10% / 3.3 mph + Technical Strength,120-135,3.02,,6,fed,controlled,phase2_load_integration,,as_prescribed,private_workbook:Daniel_Dataset_v1.18:Training Blocks:2026-06-17:B1LI
2026-06-18-B1LI,2026-06-18,b1_load_integration,80,10% / 3.3 mph + Technical Strength,120-135,3.02,,6,fed,controlled,phase2_load_integration,,as_prescribed,private_workbook:Daniel_Dataset_v1.18:Training Blocks:2026-06-18:B1LI
2026-06-19-B1LI,2026-06-19,b1_load_integration,80,10% / 3.3 mph + Technical Strength,120-135,3.02,,6,fed,controlled,phase2_load_integration,,as_prescribed,private_workbook:Daniel_Dataset_v1.18:Training Blocks:2026-06-19:B1LI
2026-06-20-B1LI,2026-06-20,b1_load_integration,80,10% / 3.3 mph + Technical Strength,120-135,3.02,,6,fed,controlled,phase2_load_integration,,as_prescribed,private_workbook:Daniel_Dataset_v1.18:Training Blocks:2026-06-20:B1LI
2026-06-21-B1LI,2026-06-21,b1_load_integration,80,10% / 3.3 mph + Technical Strength,120-135,3.02,,6,fed,controlled,phase2_load_integration,,as_prescribed,private_workbook:Daniel_Dataset_v1.18:Training Blocks:2026-06-21:B1LI
2026-06-22-B1LI,2026-06-22,b1_load_integration,80,10% / 3.3 mph + Technical Strength,120-135,3.02,,6,fed,controlled,phase2_load_integration,,as_prescribed,private_workbook:Daniel_Dataset_v1.19:Training Blocks:2026-06-22:B1LI
2026-06-23-B1LI,2026-06-23,b1_load_integration,80,10% / 3.3 mph + Technical Strength,120-135,3.02,,6,fed,controlled,phase2_load_integration,,as_prescribed,private_workbook:Daniel_Dataset_v1.19:Training Blocks:2026-06-23:B1LI
2026-06-24-B1LI,2026-06-24,b1_load_integration,80,10% / 3.3 mph + Technical Strength,120-135,3.02,,6,fed,controlled,phase2_load_integration,,as_prescribed,private_workbook:Daniel_Dataset_v1.19:Training Blocks:2026-06-24:B1LI
2026-06-25-B1LI,2026-06-25,b1_load_integration,80,10% / 3.3 mph + Technical Strength,120-135,3.02,,6,fed,controlled,phase2_load_integration,,as_prescribed,private_workbook:Daniel_Dataset_v1.19:Training Blocks:2026-06-25:B1LI
2026-06-26-B1LI,2026-06-26,b1_load_integration,80,10% / 3.3 mph + Technical Strength,120-135,3.02,,6,fed,controlled,phase2_load_integration,,as_prescribed,private_workbook:Daniel_Dataset_v1.19:Training Blocks:2026-06-26:B1LI
2026-06-27-B1LI,2026-06-27,b1_load_integration,80,10% / 3.3 mph + Technical Strength,120-135,3.02,,6,fed,controlled,phase2_load_integration,,as_prescribed,private_workbook:Daniel_Dataset_v1.19:Training Blocks:2026-06-27:B1LI
2026-06-28-B1LI,2026-06-28,b1_load_integration,80,10% / 3.3 mph + Technical Strength,120-135,3.02,,6,fed,controlled,phase2_load_integration,,as_prescribed,private_workbook:Daniel_Dataset_v1.19:Training Blocks:2026-06-28:B1LI
2026-06-29-B1LI,2026-06-29,b1_load_integration,80,10% / 3.3 mph + Technical Strength,120-135,3.02,,6,fed,controlled,phase2_load_integration,,as_prescribed,private_workbook:Daniel_Dataset_v1.20:Training Blocks:2026-06-29:B1LI
2026-06-30-B1LI,2026-06-30,b1_load_integration,80,10% / 3.3 mph + Technical Strength,120-135,3.02,,6,fed,controlled,phase2_load_integration,,as_prescribed,private_workbook:Daniel_Dataset_v1.20:Training Blocks:2026-06-30:B1LI
2026-07-01-B1LI,2026-07-01,b1_load_integration,80,10% / 3.3 mph + Technical Strength,120-135,3.02,,6,fed,controlled,phase2_load_integration,,as_prescribed,private_workbook:Daniel_Dataset_v1.20:Training Blocks:2026-07-01:B1LI
2026-07-02-B1LI,2026-07-02,b1_load_integration,80,10% / 3.3 mph + Technical Strength,120-135,3.02,,6,fed,controlled,phase2_load_integration,,as_prescribed,private_workbook:Daniel_Dataset_v1.20:Training Blocks:2026-07-02:B1LI
2026-07-03-B1LI,2026-07-03,b1_load_integration,80,10% / 3.3 mph + Technical Strength,120-135,3.02,,6,fed,controlled,phase2_load_integration,,as_prescribed,private_workbook:Daniel_Dataset_v1.20:Training Blocks:2026-07-03:B1LI
2026-07-04-B1LI,2026-07-04,b1_load_integration,80,10% / 3.3 mph + Technical Strength,120-135,3.02,,6,fed,controlled,phase2_load_integration,,as_prescribed,private_workbook:Daniel_Dataset_v1.20:Training Blocks:2026-07-04:B1LI
2026-07-05-B1LI,2026-07-05,b1_load_integration,80,10% / 3.3 mph + Technical Strength,120-135,3.02,,6,fed,controlled,phase2_load_integration,,as_prescribed,private_workbook:Daniel_Dataset_v1.20:Training Blocks:2026-07-05:B1LI
2026-07-06-B1LI,2026-07-06,b1_load_integration,80,10% / 3.3 mph + Technical Strength,120-135,3.02,,6,fed,controlled,phase2_load_integration,,as_prescribed,private_workbook:Daniel_Dataset_v1.21:Training Blocks:2026-07-06:B1LI
2026-07-07-B1LI,2026-07-07,b1_load_integration,80,10% / 3.3 mph + Technical Strength,120-135,3.02,,6,fed,controlled,phase2_load_integration,,as_prescribed,private_workbook:Daniel_Dataset_v1.21:Training Blocks:2026-07-07:B1LI
2026-07-08-B1LI,2026-07-08,b1_load_integration,80,10% / 3.3 mph + Technical Strength,120-135,3.02,,6,fed,controlled,phase2_load_integration,,as_prescribed,private_workbook:Daniel_Dataset_v1.21:Training Blocks:2026-07-08:B1LI
2026-07-09-B1LI,2026-07-09,b1_load_integration,80,10% / 3.3 mph + Technical Strength,120-135,3.02,,6,fed,controlled,phase2_load_integration,,as_prescribed,private_workbook:Daniel_Dataset_v1.21:Training Blocks:2026-07-09:B1LI
2026-07-10-B1LI,2026-07-10,b1_load_integration,80,10% / 3.3 mph + Technical Strength,120-135,3.02,,6,fed,controlled,phase2_load_integration,,as_prescribed,private_workbook:Daniel_Dataset_v1.21:Training Blocks:2026-07-10:B1LI
2026-07-11-B1LI,2026-07-11,b1_load_integration,80,10% / 3.3 mph + Technical Strength,120-135,3.02,,6,fed,controlled,phase2_load_integration,,as_prescribed,private_workbook:Daniel_Dataset_v1.21:Training Blocks:2026-07-11:B1LI
2026-07-12-B1LI,2026-07-12,b1_load_integration,80,10% / 3.3 mph + Technical Strength,120-135,3.02,,6,fed,controlled,phase2_load_integration,,as_prescribed,private_workbook:Daniel_Dataset_v1.21:Training Blocks:2026-07-12:B1LI
2026-07-13-B1,2026-07-13,b1,55,L (Z2),110-125,3.02,,4,fasted,ambient,standard_b1,,completed_as_prescribed,private_workbook:Daniel_Dataset_v1.22:Training Blocks:2026-07-13:B1
2026-07-13-LI,2026-07-13,load_integration,45,L,95-120,,trap_bar_3x5;pullups_4x4;pushups_3x10;dead_hang_3x30s;mobility_15-20min;incline_walk_10min_nasal,4,fed,ambient,canonical,,completed_as_prescribed,private_workbook:Daniel_Dataset_v1.22:Training Blocks:2026-07-13:LI
2026-07-14-B1,2026-07-14,b1,55,L (Z2),110-125,3.02,,4,fasted,ambient,standard_b1,,completed_as_prescribed,private_workbook:Daniel_Dataset_v1.22:Training Blocks:2026-07-14:B1
2026-07-14-LI,2026-07-14,load_integration,45,L,95-120,,trap_bar_3x5;pullups_4x4;pushups_3x10;dead_hang_3x30s;mobility_15-20min;incline_walk_10min_nasal,4,fed,ambient,canonical,,completed_as_prescribed,private_workbook:Daniel_Dataset_v1.22:Training Blocks:2026-07-14:LI
2026-07-15-B1,2026-07-15,b1,55,L (Z2),110-125,3.02,,4,fasted,ambient,standard_b1,,completed_as_prescribed,private_workbook:Daniel_Dataset_v1.22:Training Blocks:2026-07-15:B1
2026-07-15-LI,2026-07-15,load_integration,45,L,95-120,,trap_bar_3x5;pullups_4x4;pushups_3x10;dead_hang_3x30s;mobility_15-20min;incline_walk_10min_nasal,4,fed,ambient,canonical,,completed_as_prescribed,private_workbook:Daniel_Dataset_v1.22:Training Blocks:2026-07-15:LI
2026-07-16-B1,2026-07-16,b1,55,L (Z2),110-125,3.02,,4,fasted,ambient,standard_b1,,completed_as_prescribed,private_workbook:Daniel_Dataset_v1.22:Training Blocks:2026-07-16:B1
2026-07-16-LI,2026-07-16,load_integration,45,L,95-120,,trap_bar_3x5;pullups_4x4;pushups_3x10;dead_hang_3x30s;mobility_15-20min;incline_walk_10min_nasal,4,fed,ambient,canonical,,completed_as_prescribed,private_workbook:Daniel_Dataset_v1.22:Training Blocks:2026-07-16:LI
2026-07-17-B1,2026-07-17,b1,55,L (Z2),110-125,3.02,,4,fasted,ambient,standard_b1,,completed_as_prescribed,private_workbook:Daniel_Dataset_v1.22:Training Blocks:2026-07-17:B1
2026-07-17-LI,2026-07-17,load_integration,45,L,95-120,,trap_bar_3x5;pullups_4x4;pushups_3x10;dead_hang_3x30s;mobility_15-20min;incline_walk_10min_nasal,4,fed,ambient,canonical,,completed_as_prescribed,private_workbook:Daniel_Dataset_v1.22:Training Blocks:2026-07-17:LI
2026-07-18-B1,2026-07-18,b1,55,L (Z2),110-125,3.02,,4,fasted,ambient,standard_b1,,completed_as_prescribed,private_workbook:Daniel_Dataset_v1.22:Training Blocks:2026-07-18:B1
2026-07-18-LI,2026-07-18,load_integration,45,L,95-120,,trap_bar_3x5;pullups_4x4;pushups_3x10;dead_hang_3x30s;mobility_15-20min;incline_walk_10min_nasal,4,fed,ambient,canonical,,completed_as_prescribed,private_workbook:Daniel_Dataset_v1.22:Training Blocks:2026-07-18:LI
2026-07-19-B1,2026-07-19,b1,55,L (Z2),110-125,3.02,,4,fasted,ambient,standard_b1,,completed_as_prescribed,private_workbook:Daniel_Dataset_v1.22:Training Blocks:2026-07-19:B1
2026-07-19-LI,2026-07-19,load_integration,45,L,95-120,,trap_bar_3x5;pullups_4x4;pushups_3x10;dead_hang_3x30s;mobility_15-20min;incline_walk_10min_nasal,4,fasted,ambient,canonical,,completed_as_prescribed,private_workbook:Daniel_Dataset_v1.22:Training Blocks:2026-07-19:LI
2026-07-20-B1,2026-07-20,b1,55,L (Z2),110-125,3.02,,4,fasted,ambient,standard_b1,divided_attention;social_context,completed_as_prescribed,private_workbook:Daniel_Dataset_v1.23:Training Blocks:2026-07-20:B1
2026-07-20-LI,2026-07-20,load_integration,45,L,95-120,,trap_bar_3x5;pullups_4x4;pushups_3x10;dead_hang_3x30s;mobility_15-20min;incline_walk_10min_nasal,4,fed,completed,canonical,,completed_as_prescribed,private_workbook:Daniel_Dataset_v1.23:Training Blocks:2026-07-20:LI
2026-07-21-B1,2026-07-21,b1,55,L (Z2),110-125,3.02,,4,fasted,controlled,standard_b1,,completed_as_prescribed,private_workbook:Daniel_Dataset_v1.23:Training Blocks:2026-07-21:B1
2026-07-21-LI,2026-07-21,load_integration,45,L,95-120,,trap_bar_3x5;pullups_4x4;pushups_3x10;dead_hang_3x30s;mobility_15-20min;incline_walk_10min_nasal,4,fed,trait_level,canonical,,completed_as_prescribed,private_workbook:Daniel_Dataset_v1.23:Training Blocks:2026-07-21:LI
2026-07-21-REC,2026-07-21,structured_recreation,30,M,65-100,,continuous_water_treading,5,fed,completed,pool,recreational_aquatic_load,supplemental_recreation,private_workbook:Daniel_Dataset_v1.23:Training Blocks:2026-07-21:REC
2026-07-22-B1,2026-07-22,b1,55,L (Z2),110-125,3.02,,4,fasted,controlled,standard_b1,yard_work;concentrated_work,completed_as_prescribed,private_workbook:Daniel_Dataset_v1.23:Training Blocks:2026-07-22:B1
2026-07-22-LI,2026-07-22,load_integration,45,L,95-120,,trap_bar_3x5;pullups_4x4;pushups_3x10;dead_hang_3x30s;mobility_15-20min;incline_walk_10min_nasal,4,fed,trait_like,canonical,yard_work;concentrated_work;yard_work_before_session,completed_as_prescribed,private_workbook:Daniel_Dataset_v1.23:Training Blocks:2026-07-22:LI
2026-07-23-B1,2026-07-23,b1,55,L (Z2),110-125,3.02,,4,fasted,controlled,standard_b1,,completed_as_prescribed,private_workbook:Daniel_Dataset_v1.23:Training Blocks:2026-07-23:B1
2026-07-23-LI,2026-07-23,load_integration,45,L,95-120,,trap_bar_3x5;pullups_4x4;pushups_3x10;dead_hang_3x30s;mobility_15-20min;incline_walk_10min_nasal,4,fed,trait_level,canonical,,completed_as_prescribed,private_workbook:Daniel_Dataset_v1.23:Training Blocks:2026-07-23:LI
2026-07-24-B1,2026-07-24,b1,55,L (Z2),110-125,3.02,,4,fasted,controlled,standard_b1,,completed_as_prescribed,private_workbook:Daniel_Dataset_v1.23:Training Blocks:2026-07-24:B1
2026-07-24-LI,2026-07-24,load_integration,45,L,95-120,,trap_bar_3x5;pullups_4x4;pushups_3x10;dead_hang_3x30s;mobility_15-20min;incline_walk_10min_nasal,4,fed,trait_like,canonical,divided_attention,completed_as_prescribed,private_workbook:Daniel_Dataset_v1.23:Training Blocks:2026-07-24:LI
2026-07-24-REC,2026-07-24,structured_recreation,77,M,65-100,,continuous_water_treading,5,fed,completed,pool,recreational_aquatic_load,supplemental_recreation,private_workbook:Daniel_Dataset_v1.23:Training Blocks:2026-07-24:REC
2026-07-25-B1,2026-07-25,b1,55,L (Z2),110-125,3.02,,4,fasted,controlled,standard_b1,,completed_as_prescribed,private_workbook:Daniel_Dataset_v1.23:Training Blocks:2026-07-25:B1
2026-07-25-LI,2026-07-25,load_integration,45,L,95-120,,trap_bar_3x5;pullups_4x4;pushups_3x10;dead_hang_3x30s;mobility_15-20min;incline_walk_10min_nasal,4,fed,completed,canonical,,completed_as_prescribed,private_workbook:Daniel_Dataset_v1.23:Training Blocks:2026-07-25:LI
2026-07-26-B1,2026-07-26,b1,55,L (Z2),110-125,3.02,,4,fasted,controlled,standard_b1,,completed_as_prescribed,private_workbook:Daniel_Dataset_v1.23:Training Blocks:2026-07-26:B1
2026-07-26-LI,2026-07-26,load_integration,45,L,95-120,,trap_bar_3x5;pullups_4x4;pushups_3x10;dead_hang_3x30s;mobility_15-20min;incline_walk_10min_nasal,4,fed,ambient,canonical,,completed_as_prescribed,private_workbook:Daniel_Dataset_v1.23:Training Blocks:2026-07-26:LI
2026-07-27-B1,2026-07-27,b1,55,L (Z2),110-125,3.02,,4,fasted,completed,standard_b1,,completed_as_prescribed,private_workbook:Daniel_Dataset_v1.24:Training Blocks:2026-07-27:B1
2026-07-27-LI,2026-07-27,load_integration,45,L,95-120,,trap_bar_3x5;pullups_4x4;pushups_3x10;dead_hang_3x30s;mobility_15-20min;incline_walk_10min_nasal,4,fed,trait_level,canonical,schedule_displacement,completed_as_prescribed,private_workbook:Daniel_Dataset_v1.24:Training Blocks:2026-07-27:LI
2026-07-28-B1,2026-07-28,b1,55,L (Z2),110-125,3.02,,4,fasted,controlled,standard_b1,,completed_as_prescribed,private_workbook:Daniel_Dataset_v1.24:Training Blocks:2026-07-28:B1
2026-07-28-LI,2026-07-28,load_integration,45,L,95-120,,trap_bar_3x5;pullups_4x4;pushups_3x10;dead_hang_3x30s;mobility_15-20min;incline_walk_10min_nasal,4,fed,trait_level,canonical,,completed_as_prescribed,private_workbook:Daniel_Dataset_v1.24:Training Blocks:2026-07-28:LI
2026-07-29-B1,2026-07-29,b1,55,L (Z2),110-125,3.02,,4,fasted,controlled,standard_b1,,completed_as_prescribed,private_workbook:Daniel_Dataset_v1.24:Training Blocks:2026-07-29:B1
2026-07-29-LI,2026-07-29,load_integration,45,L,95-120,,trap_bar_3x5;pullups_4x4;pushups_3x10;dead_hang_3x30s;mobility_15-20min;incline_walk_10min_nasal,4,fed,trait_like,canonical,,completed_as_prescribed,private_workbook:Daniel_Dataset_v1.24:Training Blocks:2026-07-29:LI
2026-07-30-B1,2026-07-30,b1,55,L (Z2),110-125,3.02,,4,fasted,controlled,standard_b1,,completed_as_prescribed,private_workbook:Daniel_Dataset_v1.24:Training Blocks:2026-07-30:B1
2026-07-30-LI,2026-07-30,load_integration,45,L,95-120,,trap_bar_3x5;pullups_4x4;pushups_3x10;dead_hang_3x30s;mobility_15-20min;incline_walk_10min_nasal,4,fed,trait_level,canonical,,completed_as_prescribed,private_workbook:Daniel_Dataset_v1.24:Training Blocks:2026-07-30:LI
2026-07-31-B1,2026-07-31,b1,55,L (Z2),110-125,3.02,,4,fasted,controlled,standard_b1,,completed_as_prescribed,private_workbook:Daniel_Dataset_v1.24:Training Blocks:2026-07-31:B1
2026-07-31-LI,2026-07-31,load_integration,45,L,95-120,,trap_bar_3x5;pullups_4x4;pushups_3x10;dead_hang_3x30s;mobility_15-20min;incline_walk_10min_nasal,4,fed,trait_level,canonical,,completed_as_prescribed,private_workbook:Daniel_Dataset_v1.24:Training Blocks:2026-07-31:LI
2026-08-01-B1,2026-08-01,b1,55,L (Z2),110-125,3.02,,4,fasted,completed,standard_b1,,completed_as_prescribed,private_workbook:Daniel_Dataset_v1.24:Training Blocks:2026-08-01:B1
2026-08-01-LI,2026-08-01,load_integration,45,L,95-120,,trap_bar_3x5;pullups_4x4;pushups_3x10;dead_hang_3x30s;mobility_15-20min;incline_walk_10min_nasal,4,fed,trait_level,canonical,,completed_as_prescribed,private_workbook:Daniel_Dataset_v1.24:Training Blocks:2026-08-01:LI
2026-08-02-B1,2026-08-02,b1,55,L (Z2),110-125,3.02,,4,fasted,ambient,standard_b1,,completed_as_prescribed,private_workbook:Daniel_Dataset_v1.24:Training Blocks:2026-08-02:B1
2026-08-02-LI,2026-08-02,load_integration,45,L,95-120,,trap_bar_3x5;pullups_4x4;pushups_3x10;dead_hang_3x30s;mobility_15-20min;incline_walk_10min_nasal,4,fed,ambient,canonical,,completed_as_prescribed,private_workbook:Daniel_Dataset_v1.24:Training Blocks:2026-08-02:LI
2026-08-03-B1,2026-08-03,b1,55,L (Z2),110-125,3.02,,4,fasted,completed,standard_b1,,completed_as_prescribed,private_workbook:Daniel_Dataset_v1.25:Training Blocks:2026-08-03:B1
2026-08-03-LI,2026-08-03,load_integration,45,L,95-120,,trap_bar_3x5;pullups_4x4;pushups_3x10;dead_hang_3x30s;mobility_15-20min;incline_walk_10min_nasal,4,fed,trait_level,canonical,,completed_as_prescribed,private_workbook:Daniel_Dataset_v1.25:Training Blocks:2026-08-03:LI
2026-08-04-B1,2026-08-04,b1,55,L (Z2),110-125,3.02,,4,fasted,trait_like,standard_b1,social_context,completed_as_prescribed,private_workbook:Daniel_Dataset_v1.25:Training Blocks:2026-08-04:B1
2026-08-04-LI,2026-08-04,load_integration,45,L,95-120,,trap_bar_3x5;pullups_4x4;pushups_3x10;dead_hang_3x30s;mobility_15-20min;incline_walk_10min_nasal,4,fed,trait_level,canonical,,completed_as_prescribed,private_workbook:Daniel_Dataset_v1.25:Training Blocks:2026-08-04:LI
2026-08-05-B1,2026-08-05,b1,55,L (Z2),110-125,3.02,,4,fasted,completed,standard_b1,,completed_as_prescribed,private_workbook:Daniel_Dataset_v1.25:Training Blocks:2026-08-05:B1
2026-08-05-LI,2026-08-05,load_integration,45,L,95-120,,trap_bar_3x5;pullups_4x4;pushups_3x10;dead_hang_3x30s;mobility_15-20min;incline_walk_10min_nasal,4,fed,ambient,canonical,,completed_as_prescribed,private_workbook:Daniel_Dataset_v1.25:Training Blocks:2026-08-05:LI
2026-08-06-B1,2026-08-06,b1,55,L (Z2),110-125,3.02,,4,fasted,trait_level,standard_b1,,completed_as_prescribed,private_workbook:Daniel_Dataset_v1.25:Training Blocks:2026-08-06:B1
2026-08-06-LI,2026-08-06,load_integration,45,L,95-120,,trap_bar_3x5;pullups_4x4;pushups_3x10;dead_hang_3x30s;mobility_15-20min;incline_walk_10min_nasal,4,fed,trait_level,canonical,,completed_as_prescribed,private_workbook:Daniel_Dataset_v1.25:Training Blocks:2026-08-06:LI
2026-08-07-B1,2026-08-07,b1,55,L (Z2),110-125,3.02,,4,fasted,completed,standard_b1,,completed_as_prescribed,private_workbook:Daniel_Dataset_v1.25:Training Blocks:2026-08-07:B1
2026-08-07-LI,2026-08-07,load_integration,45,L,95-120,,trap_bar_3x5;pullups_4x4;pushups_3x10;dead_hang_3x30s;mobility_15-20min;incline_walk_10min_nasal,4,fed,ambient,canonical,,completed_as_prescribed,private_workbook:Daniel_Dataset_v1.25:Training Blocks:2026-08-07:LI
2026-08-08-B1,2026-08-08,b1,55,L (Z2),110-125,3.02,,4,fasted,completed,standard_b1,,completed_as_prescribed,private_workbook:Daniel_Dataset_v1.25:Training Blocks:2026-08-08:B1
2026-08-08-LI,2026-08-08,load_integration,45,L,95-120,,trap_bar_3x5;pullups_4x4;pushups_3x10;dead_hang_3x30s;mobility_15-20min;incline_walk_10min_nasal,4,fed,ambient,canonical,,completed_as_prescribed,private_workbook:Daniel_Dataset_v1.25:Training Blocks:2026-08-08:LI
2026-08-09-B1,2026-08-09,b1,55,L (Z2),110-125,3.02,,4,fasted,ambient,standard_b1,yard_work;yard_work_before_session,completed_as_prescribed,private_workbook:Daniel_Dataset_v1.25:Training Blocks:2026-08-09:B1
2026-08-09-LI,2026-08-09,load_integration,45,L,95-120,,trap_bar_3x5;pullups_4x4;pushups_3x10;dead_hang_3x30s;mobility_15-20min;incline_walk_10min_nasal,4,fed,ambient,canonical,yard_work;yard_work_before_session,completed_as_prescribed,private_workbook:Daniel_Dataset_v1.25:Training Blocks:2026-08-09:LI
2026-08-10-B1,2026-08-10,b1,55,L (Z2),110-125,3.02,,4,fasted,ambient,standard_b1,,completed_as_prescribed,private_workbook:Daniel_Dataset_v1.26:Training Blocks:2026-08-10:B1
2026-08-10-LI,2026-08-10,load_integration,45,L,95-120,,trap_bar_3x5;pullups_4x4;pushups_3x10;dead_hang_3x30s;mobility_15-20min;incline_walk_10min_nasal,4,fed,ambient,canonical,,completed_as_prescribed,private_workbook:Daniel_Dataset_v1.26:Training Blocks:2026-08-10:LI
2026-08-11-B1,2026-08-11,b1,55,L (Z2),110-125,3.02,,4,fasted,controlled,standard_b1,lower_back_perturbation;mechanical_context,completed_as_prescribed,private_workbook:Daniel_Dataset_v1.26:Training Blocks:2026-08-11:B1
2026-08-11-LI,2026-08-11,load_integration,45,L,95-120,,trap_bar_3x5;pullups_4x4;pushups_3x10;dead_hang_3x30s;mobility_15-20min;incline_walk_10min_nasal,4,fed,completed,canonical,lower_back_perturbation;mechanical_context,completed_as_prescribed,private_workbook:Daniel_Dataset_v1.26:Training Blocks:2026-08-11:LI
2026-08-12-B1,2026-08-12,b1,55,L (Z2),110-125,3.02,,4,fasted,ambient,standard_b1,mechanical_context,completed_as_prescribed,private_workbook:Daniel_Dataset_v1.26:Training Blocks:2026-08-12:B1
2026-08-12-LI,2026-08-12,load_integration,45,L,95-120,,trap_bar_3x5;pullups_4x4;pushups_3x10;dead_hang_3x30s;mobility_15-20min;incline_walk_10min_nasal,4,fed,ambient,canonical,mechanical_context,completed_as_prescribed,private_workbook:Daniel_Dataset_v1.26:Training Blocks:2026-08-12:LI
2026-08-13-B1,2026-08-13,b1,55,L (Z2),110-125,3.02,,4,fasted,ambient,standard_b1,,completed_as_prescribed,private_workbook:Daniel_Dataset_v1.26:Training Blocks:2026-08-13:B1
2026-08-13-LI,2026-08-13,load_integration,45,L,95-120,,trap_bar_3x5;pullups_4x4;pushups_3x10;dead_hang_3x30s;mobility_15-20min;incline_walk_10min_nasal,4,fed,ambient,canonical,mechanical_context,completed_as_prescribed,private_workbook:Daniel_Dataset_v1.26:Training Blocks:2026-08-13:LI
2026-08-14-B1,2026-08-14,b1,55,L (Z2),110-125,3.02,,4,fasted,ambient,standard_b1,,completed_as_prescribed,private_workbook:Daniel_Dataset_v1.26:Training Blocks:2026-08-14:B1
2026-08-14-LI,2026-08-14,load_integration,45,L,95-120,,trap_bar_3x5;pullups_4x4;pushups_3x10;dead_hang_3x30s;mobility_15-20min;incline_walk_10min_nasal,4,fed,ambient,canonical,,completed_as_prescribed,private_workbook:Daniel_Dataset_v1.26:Training Blocks:2026-08-14:LI
2026-08-15-B1,2026-08-15,b1,55,L (Z2),110-125,3.02,,4,fasted,ambient,standard_b1,,completed_as_prescribed,private_workbook:Daniel_Dataset_v1.26:Training Blocks:2026-08-15:B1
2026-08-15-LI,2026-08-15,load_integration,45,L,95-120,,trap_bar_3x5;pullups_4x4;pushups_3x10;dead_hang_3x30s;mobility_15-20min;incline_walk_10min_nasal,4,fed,ambient,canonical,,completed_as_prescribed,private_workbook:Daniel_Dataset_v1.26:Training Blocks:2026-08-15:LI
2026-08-16-B1,2026-08-16,b1,55,L (Z2),110-125,3.02,,4,fasted,ambient,standard_b1,pre_vo2_testing,completed_as_prescribed,private_workbook:Daniel_Dataset_v1.26:Training Blocks:2026-08-16:B1
2026-08-17-TEST,2026-08-17,active_recovery,0,testing day,,,0,0,fasted,completed,testing_day,trudiagnostic;dexa;vo2;no_b1;no_li,testing_context,private_workbook:Daniel_Dataset_v1.27:Training Blocks:2026-08-17:TEST
2026-08-18-TEST,2026-08-18,active_recovery,0,testing day,,,0,0,fasted,completed,testing_day,bodpod;no_b1;no_li,testing_context,private_workbook:Daniel_Dataset_v1.27:Training Blocks:2026-08-18:TEST
2026-08-19-B1,2026-08-19,b1,55,L (Z2),110-125,3.02,,4,fasted,ambient,standard_b1,post_testing_reload,completed_as_prescribed,private_workbook:Daniel_Dataset_v1.27:Training Blocks:2026-08-19:B1
2026-08-19-LI,2026-08-19,load_integration,45,L,95-120,,trap_bar_3x5;pullups_4x4;pushups_3x10;dead_hang_3x30s;mobility_15-20min;incline_walk_10min_nasal,4,fed,ambient,canonical,post_testing_reload,completed_as_prescribed,private_workbook:Daniel_Dataset_v1.27:Training Blocks:2026-08-19:LI
2026-08-20-B1,2026-08-20,b1,55,L (Z2),110-125,3.02,,4,fasted,ambient,standard_b1,alternate_equipment,completed_as_prescribed,private_workbook:Daniel_Dataset_v1.27:Training Blocks:2026-08-20:B1
2026-08-20-LI,2026-08-20,load_integration,45,L,95-120,,trap_bar_3x5;pullups_4x4;pushups_3x10;dead_hang_3x30s;mobility_15-20min;incline_walk_10min_nasal,4,fed,trait_like,alternate,alternate_equipment,completed_as_prescribed,private_workbook:Daniel_Dataset_v1.27:Training Blocks:2026-08-20:LI
2026-08-21-B1,2026-08-21,b1,55,L (Z2),110-125,3.02,,4,fasted,ambient,standard_b1,alternate_equipment,completed_as_prescribed,private_workbook:Daniel_Dataset_v1.27:Training Blocks:2026-08-21:B1
2026-08-21-LI,2026-08-21,load_integration,45,L,95-120,,trap_bar_3x5;pullups_4x4;pushups_3x10;dead_hang_3x30s;mobility_15-20min;incline_walk_10min_nasal,4,fed,trait_level,alternate,alternate_equipment,completed_as_prescribed,private_workbook:Daniel_Dataset_v1.27:Training Blocks:2026-08-21:LI
2026-08-22-B1,2026-08-22,b1,55,L (Z2),110-125,3.02,,4,fasted,ambient,standard_b1,alternate_equipment,completed_as_prescribed,private_workbook:Daniel_Dataset_v1.27:Training Blocks:2026-08-22:B1
2026-08-22-LI,2026-08-22,load_integration,45,L,95-120,,trap_bar_3x5;pullups_4x4;pushups_3x10;dead_hang_3x30s;mobility_15-20min;incline_walk_10min_nasal,4,fed,trait_level,alternate,alternate_equipment,completed_as_prescribed,private_workbook:Daniel_Dataset_v1.27:Training Blocks:2026-08-22:LI
2026-08-23-B1,2026-08-23,b1,55,L (Z2),110-125,3.02,,4,fasted,ambient,standard_b1,alternate_equipment,completed_as_prescribed,private_workbook:Daniel_Dataset_v1.27:Training Blocks:2026-08-23:B1
2026-08-23-LI,2026-08-23,load_integration,45,L,95-120,,trap_bar_3x5;pullups_4x4;pushups_3x10;dead_hang_3x30s;mobility_15-20min;incline_walk_10min_nasal,4,fed,trait_like,alternate,alternate_equipment,completed_as_prescribed,private_workbook:Daniel_Dataset_v1.27:Training Blocks:2026-08-23:LI
2026-08-24-B1,2026-08-24,b1,55,L (Z2),110-125,3.02,,4,fasted,ambient,standard_b1,,completed_as_prescribed,private_workbook:Daniel_Dataset_v1.28:Training Blocks:2026-08-24:B1
2026-08-24-LI,2026-08-24,load_integration,45,L,95-120,,trap_bar_3x5;pullups_4x4;pushups_3x10;dead_hang_3x30s;mobility_15-20min;incline_walk_10min_nasal,4,fed,ambient,canonical,reverse_equipment_transfer;no_reacclimation_cost;portability_evidence,completed_as_prescribed,private_workbook:Daniel_Dataset_v1.28:Training Blocks:2026-08-24:LI
2026-08-25-B1,2026-08-25,b1,55,L (Z2),110-125,3.02,,4,fasted,ambient,standard_b1,,completed_as_prescribed,private_workbook:Daniel_Dataset_v1.28:Training Blocks:2026-08-25:B1
2026-08-25-LI,2026-08-25,load_integration,45,L,95-120,,trap_bar_3x5;pullups_4x4;pushups_3x10;dead_hang_3x30s;mobility_15-20min;incline_walk_10min_nasal,4,fed,trait_like,canonical,equipment_portability_preserved,completed_as_prescribed,private_workbook:Daniel_Dataset_v1.28:Training Blocks:2026-08-25:LI
2026-08-26-B1,2026-08-26,b1,55,L (Z2),110-125,3.02,,4,fasted,ambient,standard_b1,,completed_as_prescribed,private_workbook:Daniel_Dataset_v1.28:Training Blocks:2026-08-26:B1
2026-08-26-LI,2026-08-26,load_integration,45,L,95-120,,trap_bar_3x5;pullups_4x4;pushups_3x10;dead_hang_3x30s;mobility_15-20min;incline_walk_10min_nasal,4,fed,trait_level,canonical,automatic_grip_coupling;automatic_movement_organization,completed_as_prescribed,private_workbook:Daniel_Dataset_v1.28:Training Blocks:2026-08-26:LI
2026-08-27-B1,2026-08-27,b1,55,L (Z2),110-125,3.02,,4,fasted,ambient,standard_b1,,completed_as_prescribed,private_workbook:Daniel_Dataset_v1.28:Training Blocks:2026-08-27:B1
2026-08-27-LI,2026-08-27,load_integration,45,L,95-120,,trap_bar_3x5;pullups_4x4;pushups_3x10;dead_hang_3x30s;mobility_15-20min;incline_walk_10min_nasal,4,fed,trait_like,canonical,yard_work_before_session,completed_as_prescribed,private_workbook:Daniel_Dataset_v1.28:Training Blocks:2026-08-27:LI
2026-08-28-B1,2026-08-28,b1,55,L (Z2),110-125,3.02,,4,fasted,ambient,standard_b1,,completed_as_prescribed,private_workbook:Daniel_Dataset_v1.28:Training Blocks:2026-08-28:B1
2026-08-28-LI,2026-08-28,load_integration,45,L,95-120,,trap_bar_3x5;pullups_4x4;pushups_3x10;dead_hang_3x30s;mobility_15-20min;incline_walk_10min_nasal,4,fed,trait_like,canonical,,completed_as_prescribed,private_workbook:Daniel_Dataset_v1.28:Training Blocks:2026-08-28:LI
2026-08-29-B1,2026-08-29,b1,55,L (Z2),110-125,3.02,,4,fasted,ambient,standard_b1,,completed_as_prescribed,private_workbook:Daniel_Dataset_v1.28:Training Blocks:2026-08-29:B1
2026-08-29-LI,2026-08-29,load_integration,45,L,95-120,,trap_bar_3x5;pullups_4x4;pushups_3x10;dead_hang_3x30s;mobility_15-20min;incline_walk_10min_nasal,4,fed,trait_like,canonical,schedule_displacement,completed_as_prescribed,private_workbook:Daniel_Dataset_v1.28:Training Blocks:2026-08-29:LI
2026-08-30-B1,2026-08-30,b1,55,L (Z2),110-125,3.02,,4,fasted,ambient,standard_b1,,completed_as_prescribed,private_workbook:Daniel_Dataset_v1.28:Training Blocks:2026-08-30:B1
2026-08-30-LI,2026-08-30,load_integration,45,L,95-120,,trap_bar_3x5;pullups_4x4;pushups_3x10;dead_hang_3x30s;mobility_15-20min;incline_walk_10min_nasal,4,fed,trait_like,canonical,,completed_as_prescribed,private_workbook:Daniel_Dataset_v1.28:Training Blocks:2026-08-30:LI
