Start Time,End Time,Falling Asleep Time,Wake-up time,Sleep Time Ratio(%),Time Asleep(min),Sleep Stages - Awake(min),Sleep Stages - REM(min),Sleep Stages - Light Sleep(min),Sleep Stages - Deep Sleep(min)
2025-07-20 20:54:30,2025-07-21 04:20:20,2025-07-20 21:02:00,2025-07-21 04:17:00,93.00%,414,21,52,272,90
2025-07-21 21:36:31,2025-07-22 04:49:43,2025-07-21 22:09:03,2025-07-22 04:39:02,88.00%,382,8,80,207,95
2025-07-22 20:32:31,2025-07-23 03:21:43,2025-07-22 20:40:01,2025-07-23 02:31:41,84.00%,345,7,50,207,88
2025-07-23 20:29:15,2025-07-24 03:37:56,2025-07-23 20:41:46,2025-07-24 03:31:46,90.00%,388,22,110,153,125
2025-07-24 20:51:46,2025-07-25 03:36:14,2025-07-24 21:11:46,2025-07-25 03:17:16,85.00%,343,23,35,248,60
2025-07-25 20:45:08,2025-07-26 03:23:30,2025-07-25 20:50:08,2025-07-26 03:10:08,89.00%,354,26,39,263,52
2025-07-26 20:43:04,2025-07-27 04:28:47,2025-07-26 21:00:34,2025-07-27 04:21:17,91.00%,425,16,75,258,92
2025-07-27 20:57:12,2025-07-28 05:04:42,2025-07-27 21:07:57,2025-07-28 04:57:12,92.00%,448,22,112,236,100
2025-07-28 21:00:09,2025-07-29 04:27:10,2025-07-28 21:11:55,2025-07-29 04:22:10,91.00%,406,25,58,283,65
2025-07-29 19:29:58,2025-07-30 03:42:36,2025-07-29 19:54:58,2025-07-30 03:00:04,75.00%,369,57,30,274,65
2025-07-30 20:42:50,2025-07-31 03:45:12,2025-07-30 21:04:42,2025-07-31 03:40:12,90.00%,380,16,60,228,92
2025-07-31 21:32:57,2025-08-01 04:39:17,2025-07-31 21:51:22,2025-08-01 04:30:27,87.00%,372,28,24,308,40
2025-08-01 20:51:58,2025-08-02 06:17:40,2025-08-01 21:03:58,2025-08-02 05:57:50,90.00%,509,25,108,301,100
2025-08-02 20:58:48,2025-08-03 04:07:58,2025-08-02 21:11:23,2025-08-03 03:57:58,92.00%,394,13,100,229,65
2025-08-03 20:49:56,2025-08-04 03:01:50,2025-08-03 21:19:56,2025-08-04 02:56:50,89.00%,332,5,85,154,93
2025-08-04 20:26:33,2025-08-05 03:45:46,2025-08-04 20:41:33,2025-08-05 03:21:33,85.00%,375,25,40,235,100
2025-08-05 20:42:38,2025-08-06 04:11:58,2025-08-05 21:00:08,2025-08-06 04:10:08,92.00%,415,15,70,255,90
2025-08-06 21:49:22,2025-08-07 03:55:47,2025-08-06 21:59:22,2025-08-07 03:49:22,93.00%,343,7,39,256,48
2025-08-07 20:58:21,2025-08-08 04:11:06,2025-08-07 21:08:21,2025-08-08 04:08:36,94.00%,406,15,78,250,78
2025-08-08 21:55:26,2025-08-09 04:20:51,2025-08-08 22:04:56,2025-08-09 04:02:56,86.00%,331,27,50,196,85
2025-08-10 21:26:57,2025-08-11 03:24:33,2025-08-10 21:36:58,2025-08-11 03:17:03,92.00%,330,11,95,150,85
2025-08-11 21:04:59,2025-08-12 04:11:04,2025-08-11 21:12:29,2025-08-12 04:03:34,92.00%,391,21,85,216,90
2025-08-12 21:07:16,2025-08-13 04:07:49,2025-08-12 21:14:46,2025-08-13 03:22:11,86.00%,360,8,65,225,70
2025-08-13 20:45:24,2025-08-14 04:37:46,2025-08-13 21:02:56,2025-08-14 04:35:16,91.00%,430,23,68,272,90
2025-08-14 20:52:01,2025-08-15 03:40:03,2025-08-14 20:59:31,2025-08-15 03:19:31,89.00%,366,14,50,218,98
2025-08-15 20:44:30,2025-08-16 05:22:30,2025-08-15 20:56:55,2025-08-16 05:09:30,87.00%,453,40,90,273,90
2025-08-16 20:24:21,2025-08-17 04:34:58,2025-08-16 20:41:51,2025-08-17 04:22:28,91.00%,449,12,108,236,105
2025-08-17 21:03:38,2025-08-18 04:01:11,2025-08-17 21:11:08,2025-08-18 03:06:08,80.00%,335,20,70,173,92
2025-08-18 20:08:19,2025-08-19 03:43:29,2025-08-18 20:20:04,2025-08-19 03:38:19,93.00%,423,16,78,275,70
2025-08-19 20:55:34,2025-08-20 03:56:14,2025-08-19 21:04:34,2025-08-20 03:43:19,94.00%,394,5,100,219,75
2025-08-20 20:57:55,2025-08-21 03:05:12,2025-08-20 21:02:55,2025-08-21 02:52:55,94.00%,345,5,85,200,60
2025-08-21 22:20:13,2025-08-22 03:51:13,2025-08-21 22:25:13,2025-08-22 03:26:43,86.00%,286,16,30,196,60
2025-08-22 21:08:56,2025-08-23 04:05:11,2025-08-22 21:21:06,2025-08-23 03:55:11,93.00%,389,6,50,264,75
2025-08-23 20:41:43,2025-08-24 04:38:26,2025-08-23 21:01:43,2025-08-24 04:01:43,84.00%,401,19,68,248,85
2025-08-24 20:54:31,2025-08-25 04:30:01,2025-08-24 21:04:31,2025-08-25 03:44:31,84.00%,383,17,72,206,105
2025-08-25 21:23:05,2025-08-26 05:02:23,2025-08-25 21:41:46,2025-08-26 04:25:36,83.00%,382,22,65,259,58
2025-08-26 21:24:54,2025-08-27 04:12:25,2025-08-26 21:32:25,2025-08-27 04:02:25,93.00%,378,12,110,163,105
2025-08-27 20:30:43,2025-08-28 05:03:58,2025-08-27 20:48:15,2025-08-28 04:04:20,84.00%,433,4,100,211,122
2025-08-28 20:59:17,2025-08-29 04:51:52,2025-08-28 21:12:27,2025-08-29 04:46:52,93.00%,442,13,95,282,65
2025-08-29 20:53:24,2025-08-30 05:55:04,2025-08-29 20:58:24,2025-08-30 05:24:59,90.00%,489,18,140,224,125
2025-08-30 22:07:46,2025-08-31 05:29:56,2025-08-30 22:12:46,2025-08-31 05:17:46,93.00%,411,14,48,288,75
2025-08-31 23:40:16,2025-09-01 07:51:14,2025-08-31 23:47:46,2025-09-01 07:03:42,85.00%,416,20,120,186,110
2025-09-01 21:30:33,2025-09-02 07:37:40,2025-09-01 21:38:03,2025-09-02 07:35:10,81.00%,495,103,45,308,142
2025-09-02 21:06:09,2025-09-03 05:51:14,2025-09-02 21:23:34,2025-09-03 05:48:34,92.00%,483,22,55,320,108
2025-09-03 21:22:26,2025-09-04 06:00:36,2025-09-03 21:32:26,2025-09-04 05:48:06,94.00%,486,10,88,283,115
2025-09-04 21:14:59,2025-09-05 07:44:38,2025-09-04 21:32:29,2025-09-05 07:07:29,75.00%,474,101,80,264,130
2025-09-05 21:53:37,2025-09-06 06:56:13,2025-09-05 22:11:08,2025-09-06 06:41:13,90.00%,488,23,55,328,105
2025-09-06 21:37:45,2025-09-07 08:20:47,2025-09-06 21:42:45,2025-09-07 07:48:15,91.00%,588,18,95,333,160
2025-09-07 21:46:34,2025-09-08 07:51:09,2025-09-07 21:56:34,2025-09-08 06:41:09,85.00%,515,10,124,296,95
2025-09-08 20:48:14,2025-09-09 05:19:00,2025-09-08 21:21:20,2025-09-09 05:16:20,90.00%,458,17,70,278,110
2025-09-09 20:19:05,2025-09-10 07:30:04,2025-09-09 20:48:37,2025-09-10 06:52:34,85.00%,571,33,110,366,95
2025-09-10 21:01:02,2025-09-11 07:11:50,2025-09-10 21:51:02,2025-09-11 06:33:10,75.00%,457,66,80,266,111
2025-09-11 23:12:11,2025-09-12 08:24:41,2025-09-11 23:29:31,2025-09-12 08:12:11,87.00%,480,43,15,425,40
2025-09-12 21:08:48,2025-09-13 08:07:35,2025-09-12 21:13:48,2025-09-13 08:05:05,82.00%,540,112,88,334,118
2025-09-13 21:53:58,2025-09-14 07:21:30,2025-09-13 22:18:58,2025-09-14 06:43:58,85.00%,480,25,45,320,115
2025-09-14 20:46:37,2025-09-15 05:19:27,2025-09-14 20:57:12,2025-09-15 04:51:37,88.00%,450,25,65,270,115
2025-09-15 21:22:57,2025-09-16 05:15:55,2025-09-15 21:34:22,2025-09-16 04:18:22,84.00%,399,5,65,229,105
2025-09-16 20:57:10,2025-09-17 06:27:45,2025-09-16 21:07:10,2025-09-17 05:47:10,88.00%,505,15,55,305,145
2025-09-17 21:56:03,2025-09-18 06:28:56,2025-09-17 22:06:03,2025-09-18 05:41:23,84.00%,433,23,72,276,85
2025-09-18 20:51:32,2025-09-19 05:06:17,2025-09-18 21:04:02,2025-09-19 04:56:17,93.00%,460,13,70,270,120
2025-09-19 21:23:59,2025-09-20 05:53:07,2025-09-19 21:38:00,2025-09-20 05:16:30,84.00%,429,30,51,290,88
2025-09-20 20:56:39,2025-09-21 05:50:27,2025-09-20 21:06:39,2025-09-21 05:17:39,89.00%,476,15,65,286,125
2025-09-21 22:19:36,2025-09-22 07:05:21,2025-09-21 22:42:06,2025-09-22 06:47:51,89.00%,468,18,75,298,95
2025-09-22 21:31:37,2025-09-23 06:04:18,2025-09-22 21:47:53,2025-09-23 06:01:37,94.00%,481,13,45,301,135
2025-09-23 21:24:48,2025-09-24 06:29:15,2025-09-23 21:29:48,2025-09-24 05:29:48,83.00%,453,27,50,305,98
2025-09-24 20:29:56,2025-09-25 05:05:53,2025-09-24 20:39:56,2025-09-25 04:19:56,87.00%,448,12,124,249,75
2025-09-25 22:20:01,2025-09-26 06:28:16,2025-09-25 22:27:31,2025-09-26 06:27:31,91.00%,447,33,88,269,90
2025-09-26 21:07:24,2025-09-27 05:05:24,2025-09-26 21:12:24,2025-09-27 04:57:24,93.00%,445,20,92,298,55
2025-09-27 21:38:29,2025-09-28 06:01:20,2025-09-27 21:45:44,2025-09-28 05:03:29,85.00%,428,10,75,283,70
2025-09-28 21:39:05,2025-09-29 05:25:45,2025-09-28 21:51:35,2025-09-29 05:16:35,94.00%,437,8,50,292,95
2025-09-29 20:21:55,2025-09-30 05:24:59,2025-09-29 20:36:35,2025-09-30 04:54:25,89.00%,482,16,104,258,120
2025-09-30 20:54:19,2025-10-01 04:48:31,2025-09-30 21:01:49,2025-10-01 03:46:49,83.00%,393,12,40,288,65
2025-10-01 20:42:52,2025-10-02 04:16:42,2025-10-01 20:57:52,2025-10-02 04:12:52,92.00%,418,17,90,228,100
2025-10-02 21:28:29,2025-10-03 04:20:49,2025-10-02 21:33:29,2025-10-03 04:18:29,96.00%,398,7,93,260,45
2025-10-03 20:47:09,2025-10-04 05:11:59,2025-10-03 20:54:39,2025-10-04 04:09:39,84.00%,425,10,68,242,115
2025-10-04 18:54:05,2025-10-05 03:40:40,2025-10-04 19:22:25,2025-10-05 03:33:10,89.00%,467,24,72,313,82
2025-10-05 21:22:56,2025-10-06 04:58:26,2025-10-05 21:32:56,2025-10-06 04:43:26,93.00%,423,8,100,223,100
2025-10-06 21:13:15,2025-10-07 03:43:35,2025-10-06 21:40:45,2025-10-07 03:36:05,83.00%,324,32,45,224,55
2025-10-07 20:51:13,2025-10-08 03:14:38,2025-10-07 21:41:13,2025-10-08 03:02:08,82.00%,314,7,58,196,60
2025-10-08 21:01:31,2025-10-09 03:55:36,2025-10-08 21:08:46,2025-10-09 03:51:31,93.00%,385,18,78,232,75
2025-10-09 16:03:29,2025-10-09 17:55:59,2025-10-09 16:10:59,2025-10-09 17:50:59,80.00%,90,10,5,60,25
2025-10-09 21:45:53,2025-10-10 03:47:28,2025-10-09 22:20:43,2025-10-10 03:42:28,83.00%,299,23,47,182,70
2025-10-10 21:53:58,2025-10-11 05:40:28,2025-10-10 21:58:58,2025-10-11 05:25:28,92.00%,429,18,70,264,95
2025-10-11 20:49:06,2025-10-12 03:46:16,2025-10-11 21:05:06,2025-10-12 03:35:06,85.00%,355,35,65,205,85
2025-10-12 20:45:17,2025-10-13 06:14:17,2025-10-12 20:57:47,2025-10-13 06:02:47,91.00%,519,26,48,366,105
2025-10-13 21:10:42,2025-10-14 04:44:33,2025-10-13 21:32:38,2025-10-14 04:40:43,89.00%,406,23,40,278,88
2025-10-14 21:17:35,2025-10-15 04:55:33,2025-10-14 21:30:15,2025-10-15 04:35:33,80.00%,367,59,75,244,48
2025-10-15 20:38:31,2025-10-16 04:19:51,2025-10-15 21:13:56,2025-10-16 04:18:56,89.00%,412,13,52,272,88
2025-10-16 20:57:53,2025-10-17 03:38:33,2025-10-16 21:10:23,2025-10-17 03:29:23,93.00%,371,8,60,219,92
2025-10-17 22:12:43,2025-10-18 06:17:43,2025-10-17 22:22:43,2025-10-18 06:02:43,91.00%,442,18,62,290,90
2025-10-18 20:28:59,2025-10-19 05:22:04,2025-10-18 20:33:59,2025-10-19 04:53:59,90.00%,482,18,163,247,72
2025-10-19 20:11:15,2025-10-20 05:12:48,2025-10-19 20:43:45,2025-10-20 04:18:45,77.00%,418,37,52,281,85
2025-10-20 20:32:46,2025-10-21 05:42:38,2025-10-20 20:42:48,2025-10-21 05:25:08,89.00%,491,32,48,332,111
2025-10-21 21:11:12,2025-10-22 04:29:07,2025-10-21 21:18:42,2025-10-22 04:23:42,94.00%,411,14,35,291,85
2025-10-23 20:48:45,2025-10-24 03:58:32,2025-10-23 20:58:45,2025-10-24 03:16:00,83.00%,355,23,15,235,105
2025-10-24 21:28:20,2025-10-25 05:05:40,2025-10-24 21:33:20,2025-10-25 04:53:20,89.00%,408,32,30,278,100
2025-10-25 23:49:22,2025-10-26 05:49:34,2025-10-25 23:56:52,2025-10-26 04:47:04,70.00%,254,37,50,114,90
2025-10-26 22:40:39,2025-10-27 04:30:42,2025-10-26 22:45:39,2025-10-27 04:10:42,90.00%,315,11,75,185,55
2025-10-27 23:59:25,2025-10-28 06:38:05,2025-10-28 00:04:25,2025-10-28 06:30:20,91.00%,363,23,75,193,95
2025-10-29 01:43:50,2025-10-29 08:22:08,2025-10-29 01:48:50,2025-10-29 07:58:50,91.00%,365,5,110,180,75
2025-10-29 21:26:13,2025-10-30 05:21:23,2025-10-29 21:31:16,2025-10-30 04:41:13,85.00%,404,26,60,249,95
2025-10-30 21:30:01,2025-10-31 06:26:36,2025-10-30 21:35:01,2025-10-31 06:20:01,95.00%,509,16,63,374,72
2025-10-31 21:31:41,2025-11-01 06:27:16,2025-10-31 21:41:41,2025-11-01 06:12:16,90.00%,481,30,115,244,122
2025-11-01 20:47:33,2025-11-02 04:27:33,2025-11-01 20:58:28,2025-11-02 04:22:33,93.00%,429,16,45,339,45
2025-11-02 10:52:30,2025-11-02 13:55:00,2025-11-02 11:00:00,2025-11-02 13:50:00,85.00%,155,15,15,120,20
2025-11-02 20:20:00,2025-11-03 04:25:00,2025-11-02 20:42:30,2025-11-03 04:12:30,88.00%,425,25,50,280,95
2025-11-03 19:46:55,2025-11-04 04:51:35,2025-11-03 20:11:55,2025-11-04 04:41:55,91.00%,497,13,63,329,105
2025-11-04 21:17:31,2025-11-05 05:06:26,2025-11-04 21:30:16,2025-11-05 04:36:31,84.00%,392,35,60,232,100
2025-11-05 20:38:02,2025-11-06 03:42:52,2025-11-05 20:53:02,2025-11-06 03:28:02,86.00%,365,30,79,181,105
2025-11-06 21:14:45,2025-11-07 04:56:50,2025-11-06 21:36:10,2025-11-07 04:54:45,88.00%,408,31,45,275,88
2025-11-07 21:43:18,2025-11-08 04:52:08,2025-11-07 21:53:18,2025-11-08 04:49:38,95.00%,406,11,25,281,100
2025-11-08 20:30:20,2025-11-09 04:57:37,2025-11-08 20:35:20,2025-11-09 04:00:40,85.00%,432,14,35,282,115
2025-11-09 12:32:37,2025-11-09 15:50:07,2025-11-09 12:42:37,2025-11-09 15:27:37,83.00%,165,0,40,85,40
2025-11-09 20:47:40,2025-11-10 03:55:12,2025-11-09 21:30:05,2025-11-10 03:30:50,78.00%,334,27,40,206,88
2025-11-10 21:41:26,2025-11-11 05:26:32,2025-11-10 21:52:52,2025-11-11 05:21:32,92.00%,431,18,90,236,105
2025-11-11 21:30:18,2025-11-12 06:06:13,2025-11-11 21:43:43,2025-11-12 06:03:43,93.00%,478,22,40,358,80
2025-11-12 20:43:20,2025-11-13 04:42:40,2025-11-12 20:48:20,2025-11-13 04:30:10,93.00%,447,15,45,287,115
2025-11-13 20:28:30,2025-11-14 04:34:58,2025-11-13 20:43:30,2025-11-14 03:59:25,87.00%,423,13,20,321,82
2025-11-14 21:40:43,2025-11-15 05:20:59,2025-11-14 21:53:33,2025-11-15 04:20:48,80.00%,367,21,42,255,70
2025-11-15 20:33:49,2025-11-16 04:50:11,2025-11-15 20:51:19,2025-11-16 04:21:19,87.00%,430,20,75,230,125
2025-11-16 20:51:17,2025-11-17 04:20:29,2025-11-16 20:58:47,2025-11-17 03:23:47,81.00%,365,20,96,189,80
2025-11-17 15:15:29,2025-11-17 17:40:29,2025-11-17 15:40:29,2025-11-17 17:17:59,68.00%,98,0,0,0,0
2025-11-17 21:40:53,2025-11-18 04:20:24,2025-11-17 21:50:59,2025-11-18 04:00:53,89.00%,354,16,80,212,62
2025-11-18 21:43:35,2025-11-19 04:56:05,2025-11-18 21:53:35,2025-11-19 04:48:35,90.00%,391,24,30,266,95
2025-11-19 21:23:11,2025-11-20 04:39:46,2025-11-19 21:38:06,2025-11-20 04:32:16,90.00%,392,23,45,292,55
2025-11-20 20:50:57,2025-11-21 03:38:27,2025-11-20 21:18:27,2025-11-21 03:33:27,87.00%,355,20,32,218,105
2025-11-21 21:17:10,2025-11-22 04:22:06,2025-11-21 21:37:11,2025-11-22 04:17:11,89.00%,378,22,23,270,85
2025-11-22 21:33:55,2025-11-23 03:52:10,2025-11-22 22:01:40,2025-11-23 03:41:40,87.00%,328,12,30,228,70
2025-11-23 21:35:12,2025-11-24 04:14:23,2025-11-23 21:42:42,2025-11-24 04:12:42,91.00%,363,27,76,187,100
2025-11-24 23:19:50,2025-11-25 04:59:47,2025-11-24 23:35:22,2025-11-25 04:54:52,87.00%,297,23,60,150,87
2025-11-25 22:37:57,2025-11-26 04:44:02,2025-11-25 22:45:27,2025-11-26 04:31:32,85.00%,312,35,40,202,70
2025-11-26 22:59:22,2025-11-27 03:49:40,2025-11-26 23:06:55,2025-11-27 03:46:52,95.00%,275,5,95,125,55
2025-11-28 00:20:00,2025-11-28 06:15:45,2025-11-28 00:27:30,2025-11-28 06:12:30,92.00%,328,17,82,186,60
2025-11-28 21:36:48,2025-11-29 05:52:46,2025-11-28 22:25:06,2025-11-29 05:35:06,82.00%,407,23,60,237,110
2025-11-29 20:36:26,2025-11-30 03:51:03,2025-11-29 21:03:56,2025-11-30 03:48:56,84.00%,365,40,48,245,72
2025-11-30 20:46:37,2025-12-01 05:38:50,2025-11-30 21:10:35,2025-12-01 05:21:20,89.00%,473,18,50,303,120
2025-12-01 20:21:35,2025-12-02 04:47:17,2025-12-01 20:31:20,2025-12-02 04:24:45,89.00%,450,24,55,287,108
2025-12-02 21:24:52,2025-12-03 04:38:37,2025-12-02 21:32:22,2025-12-03 04:13:37,86.00%,373,29,35,243,95
2025-12-03 20:58:43,2025-12-04 06:15:36,2025-12-03 21:08:43,2025-12-04 06:13:43,87.00%,487,58,88,298,101
2025-12-04 22:01:39,2025-12-05 05:13:16,2025-12-04 22:12:31,2025-12-05 05:06:39,89.00%,386,29,58,238,90
2025-12-05 21:14:05,2025-12-06 05:29:06,2025-12-05 21:24:06,2025-12-06 04:59:05,82.00%,408,47,38,305,65
2025-12-06 21:14:49,2025-12-07 05:21:46,2025-12-06 21:27:21,2025-12-07 05:14:16,92.00%,449,18,55,314,80
2025-12-07 20:31:58,2025-12-08 06:42:00,2025-12-07 21:06:58,2025-12-08 06:41:58,73.00%,444,131,42,229,173
2025-12-08 20:54:17,2025-12-09 06:22:35,2025-12-08 21:14:17,2025-12-09 06:20:05,79.00%,450,96,48,274,128
2025-12-09 21:17:43,2025-12-10 05:00:20,2025-12-09 21:44:35,2025-12-10 04:52:50,89.00%,413,16,45,268,100
2025-12-10 21:07:57,2025-12-11 03:45:52,2025-12-10 21:48:27,2025-12-11 03:43:27,85.00%,337,18,75,222,40
2025-12-11 20:33:22,2025-12-12 03:56:59,2025-12-11 21:15:52,2025-12-12 03:40:52,83.00%,370,15,44,231,95
2025-12-12 21:04:30,2025-12-13 05:54:35,2025-12-12 21:27:00,2025-12-13 05:23:30,82.00%,435,42,85,230,120
2025-12-13 21:08:01,2025-12-14 03:55:26,2025-12-13 21:15:31,2025-12-14 03:29:56,86.00%,352,23,40,217,95
2025-12-14 19:52:36,2025-12-15 06:26:34,2025-12-14 20:15:09,2025-12-15 06:25:09,86.00%,544,66,38,416,90
2025-12-15 21:20:10,2025-12-16 04:09:50,2025-12-15 21:34:55,2025-12-16 04:07:20,90.00%,367,26,50,227,90
2025-12-16 21:14:15,2025-12-17 05:36:30,2025-12-16 21:34:15,2025-12-17 05:26:30,90.00%,452,21,5,437,10
2025-12-17 21:07:50,2025-12-18 05:07:55,2025-12-17 21:12:50,2025-12-18 04:57:50,88.00%,423,42,67,238,118
2025-12-18 20:57:54,2025-12-19 04:51:35,2025-12-18 21:18:30,2025-12-19 04:22:55,86.00%,409,16,85,269,55
2025-12-19 21:09:55,2025-12-20 05:16:26,2025-12-19 21:27:25,2025-12-20 05:08:56,91.00%,442,20,60,257,125
2025-12-20 20:51:48,2025-12-21 05:11:43,2025-12-20 20:59:18,2025-12-21 05:01:43,92.00%,462,21,50,312,100
2025-12-21 19:09:49,2025-12-22 05:41:34,2025-12-21 19:22:19,2025-12-22 05:32:19,88.00%,557,53,91,328,138
2025-12-22 22:03:56,2025-12-23 04:04:56,2025-12-22 22:16:26,2025-12-23 03:57:26,91.00%,329,12,28,231,70
2025-12-23 21:03:42,2025-12-24 03:40:37,2025-12-23 21:13:42,2025-12-24 03:38:42,87.00%,345,40,20,235,90
2025-12-24 21:30:40,2025-12-25 04:38:58,2025-12-24 21:38:11,2025-12-25 04:28:11,92.00%,393,17,102,206,85
2025-12-25 13:45:49,2025-12-25 15:51:59,2025-12-25 13:55:49,2025-12-25 15:46:59,83.00%,106,6,15,71,20
2025-12-25 21:29:04,2025-12-26 04:24:04,2025-12-25 21:56:34,2025-12-26 04:11:34,86.00%,355,20,82,208,65
2025-12-26 20:15:24,2025-12-27 04:46:54,2025-12-26 20:49:04,2025-12-27 04:44:04,88.00%,450,25,70,285,95
2025-12-27 21:34:26,2025-12-28 05:08:16,2025-12-27 21:44:26,2025-12-28 05:05:46,89.00%,405,37,56,231,118
2025-12-28 20:21:31,2025-12-29 04:36:30,2025-12-28 20:35:28,2025-12-29 04:27:00,87.00%,432,40,80,294,58
2025-12-29 20:39:45,2025-12-30 03:20:25,2025-12-29 21:02:00,2025-12-30 03:17:00,91.00%,365,10,30,275,60
2025-12-30 20:40:11,2025-12-31 04:46:41,2025-12-30 20:47:41,2025-12-31 04:14:11,84.00%,408,39,55,291,62
2025-12-31 20:02:48,2026-01-01 04:35:14,2025-12-31 20:14:49,2026-01-01 04:27:48,88.00%,452,41,95,267,90
2026-01-01 20:09:44,2026-01-02 05:55:06,2026-01-01 21:02:29,2026-01-02 04:52:34,71.00%,417,54,30,302,85
2026-01-02 20:33:03,2026-01-03 04:08:24,2026-01-02 20:55:33,2026-01-03 03:57:14,89.00%,406,16,65,236,105
2026-01-09 21:17:45,2026-01-10 04:49:05,2026-01-09 21:31:20,2026-01-10 04:41:20,91.00%,413,17,90,223,100
2026-01-10 21:18:36,2026-01-11 04:34:31,2026-01-10 21:26:06,2026-01-11 04:27:01,93.00%,406,15,75,241,90
2026-01-11 20:20:36,2026-01-12 06:18:17,2026-01-11 20:59:22,2026-01-12 06:15:47,87.00%,523,34,95,298,130
2026-01-12 21:12:47,2026-01-13 05:17:27,2026-01-12 21:20:17,2026-01-13 05:01:17,91.00%,440,21,50,288,102
2026-01-13 21:14:19,2026-01-14 04:40:19,2026-01-13 21:24:19,2026-01-14 04:20:19,87.00%,386,30,8,268,110
2026-01-14 20:39:24,2026-01-15 04:55:11,2026-01-14 21:06:54,2026-01-15 04:12:39,81.00%,403,23,50,243,110
2026-01-15 20:32:59,2026-01-16 05:00:14,2026-01-15 20:44:19,2026-01-16 04:55:14,91.00%,462,29,70,324,68
2026-01-16 20:00:31,2026-01-17 04:51:21,2026-01-16 20:55:31,2026-01-17 04:41:21,84.00%,448,18,70,278,100
2026-01-17 21:04:56,2026-01-18 06:12:30,2026-01-17 21:15:01,2026-01-18 06:10:00,76.00%,415,120,72,205,138
2026-01-18 20:01:31,2026-01-19 03:47:52,2026-01-18 20:26:32,2026-01-19 03:41:32,91.00%,425,10,95,260,70
2026-01-19 21:25:10,2026-01-20 05:03:45,2026-01-19 21:39:30,2026-01-20 04:57:40,90.00%,412,27,75,262,75
2026-01-20 21:14:59,2026-01-21 04:54:49,2026-01-20 21:40:04,2026-01-21 04:10:04,77.00%,352,38,115,192,45
2026-01-21 20:52:07,2026-01-22 05:18:07,2026-01-21 21:24:02,2026-01-22 05:13:07,88.00%,447,23,75,257,115
2026-01-22 21:44:03,2026-01-23 05:02:15,2026-01-22 21:51:33,2026-01-23 04:22:33,86.00%,379,12,55,284,40
2026-01-23 20:15:27,2026-01-24 05:30:37,2026-01-23 21:10:27,2026-01-24 05:20:37,82.00%,458,33,76,262,120
2026-01-24 20:50:08,2026-01-25 04:46:03,2026-01-24 21:17:38,2026-01-25 04:27:38,87.00%,414,16,88,228,98
2026-01-25 20:27:14,2026-01-26 05:52:35,2026-01-25 20:59:44,2026-01-26 05:50:05,88.00%,498,33,82,381,35
2026-01-26 20:27:19,2026-01-27 03:49:34,2026-01-26 21:09:49,2026-01-27 03:44:34,85.00%,378,17,58,245,75
2026-01-27 21:25:19,2026-01-28 04:36:17,2026-01-27 21:32:49,2026-01-28 03:58:44,87.00%,376,10,95,201,80
2026-01-28 20:52:25,2026-01-29 03:44:35,2026-01-28 21:35:00,2026-01-29 03:22:05,79.00%,328,20,50,198,80
2026-01-29 20:44:41,2026-01-30 04:38:59,2026-01-29 20:49:41,2026-01-30 04:24:41,88.00%,418,37,60,223,135
2026-01-30 21:22:56,2026-01-31 04:36:56,2026-01-30 21:45:26,2026-01-31 04:31:56,88.00%,384,23,85,224,75
2026-01-31 18:52:37,2026-02-01 03:42:03,2026-01-31 19:12:17,2026-02-01 03:39:33,80.00%,425,83,79,266,80
2026-02-01 20:39:39,2026-02-02 04:33:19,2026-02-01 21:06:54,2026-02-02 04:24:39,90.00%,425,13,51,316,58
2026-02-02 20:45:24,2026-02-03 04:43:59,2026-02-02 20:52:29,2026-02-03 04:41:29,95.00%,454,15,55,289,110
2026-02-03 20:35:34,2026-02-04 04:49:59,2026-02-03 20:45:34,2026-02-04 04:40:34,91.00%,448,27,62,286,100
2026-02-04 20:29:18,2026-02-05 04:16:14,2026-02-04 20:41:48,2026-02-05 03:43:43,85.00%,397,25,55,292,50
2026-02-05 19:02:47,2026-02-06 04:58:54,2026-02-05 19:12:47,2026-02-06 04:38:52,87.00%,519,48,100,301,118
2026-02-06 20:29:19,2026-02-07 04:13:39,2026-02-06 21:24:19,2026-02-07 03:56:09,82.00%,381,11,78,228,75
2026-02-07 21:08:04,2026-02-08 04:42:30,2026-02-07 21:15:34,2026-02-08 04:37:30,88.00%,399,43,65,204,130
2026-02-08 21:29:00,2026-02-09 03:47:51,2026-02-08 21:55:36,2026-02-09 03:40:21,87.00%,330,15,95,195,40
2026-02-09 21:03:57,2026-02-10 04:16:22,2026-02-09 21:22:12,2026-02-10 04:06:27,88.00%,381,24,73,228,80
2026-02-10 21:19:06,2026-02-11 04:19:12,2026-02-10 21:24:06,2026-02-11 04:19:06,93.00%,390,25,75,251,64
2026-02-11 21:20:38,2026-02-12 04:21:33,2026-02-11 21:38:03,2026-02-12 03:36:18,81.00%,341,18,75,201,65
2026-02-12 21:55:19,2026-02-13 04:10:19,2026-02-12 22:02:49,2026-02-13 03:42:49,85.00%,320,20,30,205,85
2026-02-13 20:27:00,2026-02-14 05:07:52,2026-02-13 20:34:30,2026-02-14 04:10:20,86.00%,446,10,30,376,40
2026-02-14 21:17:55,2026-02-15 07:13:02,2026-02-14 22:02:56,2026-02-15 05:58:00,76.00%,454,22,100,302,52
2026-02-15 20:45:25,2026-02-16 04:06:15,2026-02-15 20:57:55,2026-02-16 03:28:10,82.00%,363,28,50,273,40
2026-02-16 20:28:56,2026-02-17 04:19:06,2026-02-16 20:40:31,2026-02-17 04:11:36,93.00%,436,16,115,211,110
2026-02-17 21:12:44,2026-02-18 05:07:39,2026-02-17 21:20:14,2026-02-18 05:00:14,95.00%,450,10,83,277,90
2026-02-18 21:25:46,2026-02-19 03:25:06,2026-02-18 21:43:21,2026-02-19 03:20:06,90.00%,324,13,74,200,50
2026-02-19 21:01:11,2026-02-20 04:44:13,2026-02-19 21:12:48,2026-02-20 04:36:13,91.00%,423,21,22,361,40
2026-02-20 21:06:38,2026-02-21 05:35:27,2026-02-20 21:24:18,2026-02-21 04:55:48,85.00%,434,18,35,339,60
2026-02-21 21:15:16,2026-02-22 03:56:31,2026-02-21 21:25:16,2026-02-22 03:51:31,94.00%,376,11,52,224,100
2026-02-22 21:01:20,2026-02-23 03:21:22,2026-02-22 21:15:57,2026-02-23 03:01:22,87.00%,330,16,42,193,95
2026-02-23 19:01:52,2026-02-24 04:55:11,2026-02-23 19:38:42,2026-02-24 03:54:02,74.00%,441,55,75,268,98
2026-02-24 21:08:50,2026-02-25 04:12:55,2026-02-24 21:13:50,2026-02-25 04:08:50,93.00%,396,19,70,241,85
2026-02-25 20:51:45,2026-02-26 05:14:13,2026-02-25 21:06:35,2026-02-26 03:41:40,76.00%,381,15,36,277,68
2026-02-26 20:27:58,2026-02-27 03:59:38,2026-02-26 20:53:03,2026-02-27 03:48:03,90.00%,405,10,31,289,85
2026-02-27 20:41:49,2026-02-28 04:56:10,2026-02-27 20:59:19,2026-02-28 04:11:06,83.00%,409,23,45,284,80
2026-02-28 20:40:04,2026-03-01 03:42:14,2026-02-28 20:51:44,2026-03-01 03:37:14,94.00%,396,10,60,286,50
2026-03-01 20:48:40,2026-03-02 04:22:53,2026-03-01 21:16:12,2026-03-02 03:43:48,82.00%,373,15,18,230,125
2026-03-02 20:32:27,2026-03-03 04:43:07,2026-03-02 20:43:02,2026-03-03 04:38:07,93.00%,455,21,30,335,90
2026-03-03 20:59:23,2026-03-04 04:34:09,2026-03-03 21:04:24,2026-03-04 04:29:23,92.00%,418,27,62,239,117
2026-03-04 20:54:46,2026-03-05 04:37:24,2026-03-04 21:04:46,2026-03-05 04:09:46,87.00%,405,20,30,310,65
2026-03-05 21:07:03,2026-03-06 04:30:25,2026-03-05 21:23:23,2026-03-06 03:57:53,84.00%,375,20,35,300,40
2026-03-06 20:26:30,2026-03-07 03:49:35,2026-03-06 20:49:00,2026-03-07 03:42:05,90.00%,398,16,40,278,80
2026-03-07 21:14:39,2026-03-08 05:22:47,2026-03-07 21:39:41,2026-03-08 04:55:17,83.00%,408,28,55,273,80
2026-03-08 22:12:28,2026-03-09 04:42:09,2026-03-08 22:33:34,2026-03-09 04:37:28,89.00%,349,15,68,216,65
2026-03-09 21:00:19,2026-03-10 04:35:56,2026-03-09 21:07:49,2026-03-10 04:28:26,93.00%,426,15,28,368,30
2026-03-10 21:22:52,2026-03-11 05:39:49,2026-03-10 21:36:07,2026-03-11 04:40:57,84.00%,415,10,62,299,54
2026-03-11 20:47:33,2026-03-12 04:43:03,2026-03-11 21:07:33,2026-03-12 04:37:33,91.00%,433,17,55,270,108
2026-03-12 21:27:42,2026-03-13 03:10:57,2026-03-12 21:40:12,2026-03-13 03:05:57,88.00%,301,25,57,189,55
2026-03-13 20:18:21,2026-03-14 04:33:41,2026-03-13 20:34:56,2026-03-14 03:20:01,79.00%,393,13,30,263,100
2026-03-14 20:24:55,2026-03-15 04:20:21,2026-03-14 20:44:16,2026-03-15 04:17:26,90.00%,428,26,25,308,95
2026-03-15 20:13:14,2026-03-16 03:43:40,2026-03-15 20:49:20,2026-03-16 03:28:15,85.00%,384,15,28,286,70
2026-03-16 20:37:00,2026-03-17 04:41:18,2026-03-16 20:48:51,2026-03-17 03:22:41,79.00%,384,10,55,291,38
2026-03-17 20:41:26,2026-03-18 04:02:17,2026-03-17 21:16:17,2026-03-18 03:32:22,83.00%,366,11,50,236,80
2026-03-18 20:34:32,2026-03-19 03:28:43,2026-03-18 20:44:33,2026-03-19 03:24:32,92.00%,382,18,60,227,95
2026-03-19 20:41:33,2026-03-20 05:01:05,2026-03-19 20:46:33,2026-03-20 04:48:35,95.00%,475,8,120,240,115
2026-03-20 21:42:21,2026-03-21 04:05:37,2026-03-20 21:59:52,2026-03-21 04:00:37,91.00%,348,13,50,228,70
2026-03-21 20:19:12,2026-03-22 03:27:48,2026-03-21 20:26:43,2026-03-22 03:26:42,91.00%,390,30,19,271,100
2026-03-22 20:58:15,2026-03-23 04:06:45,2026-03-22 21:10:45,2026-03-23 03:51:45,87.00%,375,26,35,304,36
2026-03-23 20:49:37,2026-03-24 02:38:47,2026-03-23 21:14:37,2026-03-24 02:34:37,88.00%,308,12,25,198,85
2026-03-24 21:03:35,2026-03-25 03:11:40,2026-03-24 21:42:40,2026-03-25 03:01:40,82.00%,304,15,20,226,58
2026-03-25 21:00:44,2026-03-26 03:18:39,2026-03-25 21:24:19,2026-03-26 03:01:09,83.00%,315,22,40,190,85
2026-03-26 22:01:51,2026-03-27 04:39:16,2026-03-26 22:09:21,2026-03-27 04:34:21,90.00%,360,25,60,205,95
2026-03-27 20:57:56,2026-03-28 01:55:26,2026-03-27 21:17:01,2026-03-28 01:52:56,89.00%,264,12,25,191,48
2026-03-28 21:07:54,2026-03-29 03:50:24,2026-03-28 21:20:14,2026-03-29 03:47:54,93.00%,373,15,50,235,88
2026-03-29 20:57:42,2026-03-30 04:49:22,2026-03-29 21:07:42,2026-03-30 04:39:22,89.00%,419,33,85,199,135
2026-03-30 21:21:18,2026-03-31 03:01:43,2026-03-30 21:33:48,2026-03-31 02:54:13,87.00%,298,23,20,223,55
2026-03-31 20:27:40,2026-04-01 04:13:30,2026-03-31 20:32:40,2026-04-01 04:02:40,92.00%,430,20,30,285,115
2026-04-01 20:43:13,2026-04-02 03:02:08,2026-04-01 20:53:13,2026-04-02 02:49:38,89.00%,336,21,45,231,60
2026-04-02 20:24:25,2026-04-03 04:29:35,2026-04-02 20:29:25,2026-04-03 04:24:35,93.00%,452,24,20,310,122
2026-04-03 20:29:45,2026-04-04 05:28:05,2026-04-03 20:36:20,2026-04-04 05:24:45,93.00%,499,30,35,406,58
2026-04-04 20:49:18,2026-04-05 06:19:43,2026-04-04 21:01:23,2026-04-05 06:09:18,93.00%,530,18,90,355,85
2026-04-05 20:31:31,2026-04-06 03:21:23,2026-04-05 20:39:01,2026-04-06 02:34:06,79.00%,325,31,25,232,68
2026-04-06 21:06:34,2026-04-07 05:21:28,2026-04-06 21:19:04,2026-04-07 05:14:04,92.00%,457,18,47,338,72
2026-04-07 20:53:59,2026-04-08 06:03:09,2026-04-07 21:07:49,2026-04-08 05:56:29,92.00%,508,21,82,321,105
2026-04-08 21:16:46,2026-04-09 05:14:56,2026-04-08 21:24:16,2026-04-09 05:09:56,93.00%,444,22,45,289,110
2026-04-09 21:05:12,2026-04-10 05:44:12,2026-04-09 21:12:42,2026-04-10 05:34:12,92.00%,480,22,40,335,105
2026-04-10 20:23:35,2026-04-11 05:23:20,2026-04-10 20:45:15,2026-04-11 05:15:50,92.00%,498,13,82,336,80
2026-04-11 21:10:11,2026-04-12 05:26:31,2026-04-11 21:15:11,2026-04-12 05:25:11,96.00%,476,14,52,308,116
2026-04-12 20:40:14,2026-04-13 05:21:19,2026-04-12 20:45:14,2026-04-13 05:15:14,94.00%,492,18,101,306,85
2026-04-13 20:32:54,2026-04-14 04:56:44,2026-04-13 20:40:24,2026-04-14 04:50:24,95.00%,478,12,15,378,85
2026-04-14 21:01:52,2026-04-15 05:11:57,2026-04-14 21:06:52,2026-04-15 05:03:27,95.00%,464,13,72,287,105
2026-04-15 21:19:18,2026-04-16 05:10:20,2026-04-15 21:24:18,2026-04-16 05:00:20,94.00%,446,11,75,253,118
2026-04-16 20:51:07,2026-04-17 05:09:47,2026-04-16 21:03:37,2026-04-17 05:03:37,94.00%,467,13,54,312,101
2026-04-17 20:38:14,2026-04-18 05:30:39,2026-04-17 20:43:14,2026-04-18 05:18:14,93.00%,498,17,50,348,100
2026-04-18 20:53:38,2026-04-19 05:01:43,2026-04-18 20:58:38,2026-04-19 04:53:38,91.00%,447,28,88,264,95
2026-04-19 20:47:28,2026-04-20 05:24:23,2026-04-19 20:54:58,2026-04-20 05:14:58,93.00%,482,18,88,259,135
2026-04-20 20:39:42,2026-04-21 05:20:12,2026-04-20 20:54:42,2026-04-21 05:09:42,93.00%,483,12,40,328,115
2026-04-21 21:02:10,2026-04-22 05:17:20,2026-04-21 21:19:05,2026-04-22 05:12:20,93.00%,463,11,75,278,110
2026-04-22 20:48:08,2026-04-23 05:02:58,2026-04-22 20:53:08,2026-04-23 04:55:28,93.00%,462,21,70,317,75
2026-04-23 20:52:01,2026-04-24 04:59:56,2026-04-23 20:58:36,2026-04-24 04:47:26,94.00%,458,11,85,253,120
2026-04-24 21:05:29,2026-04-25 05:21:39,2026-04-24 21:12:59,2026-04-25 05:19:09,94.00%,466,21,86,290,90
2026-04-25 21:09:04,2026-04-26 07:03:02,2026-04-25 21:19:04,2026-04-26 06:40:32,72.00%,427,135,18,283,126
2026-04-26 21:19:37,2026-04-27 06:17:09,2026-04-26 21:29:37,2026-04-27 05:34:37,86.00%,464,21,78,296,90
2026-04-27 20:31:47,2026-04-28 05:30:48,2026-04-27 20:46:48,2026-04-28 05:28:18,93.00%,502,20,159,218,125
2026-04-28 20:55:01,2026-04-29 05:17:21,2026-04-28 21:05:01,2026-04-29 05:10:01,92.00%,463,22,148,260,55
2026-04-29 21:14:33,2026-04-30 05:08:08,2026-04-29 21:24:33,2026-04-30 04:55:38,89.00%,424,28,85,209,130
2026-04-30 20:58:01,2026-05-01 04:47:21,2026-04-30 21:05:31,2026-05-01 04:42:21,93.00%,437,20,30,327,80
2026-05-01 21:02:32,2026-05-02 05:38:02,2026-05-01 21:15:02,2026-05-02 05:30:02,93.00%,482,13,75,295,112
2026-05-02 20:52:24,2026-05-03 05:11:24,2026-05-02 21:17:24,2026-05-03 05:07:24,88.00%,439,31,81,243,115
2026-05-03 21:00:25,2026-05-04 05:36:38,2026-05-03 21:17:55,2026-05-04 05:11:35,89.00%,459,15,55,324,80
2026-05-04 21:06:33,2026-05-05 04:56:13,2026-05-04 21:21:33,2026-05-05 04:48:43,93.00%,437,11,35,297,105
2026-05-05 20:58:41,2026-05-06 05:44:51,2026-05-05 21:06:11,2026-05-06 05:36:11,92.00%,486,24,75,329,82
2026-05-06 20:47:43,2026-05-07 05:05:18,2026-05-06 20:52:43,2026-05-07 04:57:43,93.00%,462,23,60,267,135
2026-05-07 20:50:11,2026-05-08 05:16:41,2026-05-07 21:00:11,2026-05-08 05:15:11,94.00%,476,19,50,321,105
2026-05-08 20:39:53,2026-05-09 05:26:40,2026-05-08 20:54:53,2026-05-09 05:04:53,88.00%,462,28,60,352,50
2026-05-09 20:18:51,2026-05-10 04:57:26,2026-05-09 20:31:21,2026-05-10 04:47:26,91.00%,474,23,105,244,125
2026-05-10 20:25:31,2026-05-11 04:58:31,2026-05-10 20:38:51,2026-05-11 04:58:01,95.00%,486,14,34,332,120
2026-05-11 20:33:27,2026-05-12 05:29:22,2026-05-11 20:38:27,2026-05-12 05:28:27,95.00%,511,19,40,346,125
2026-05-12 20:23:03,2026-05-13 04:57:28,2026-05-12 20:56:28,2026-05-13 04:47:28,90.00%,461,10,38,348,75
2026-05-13 20:40:40,2026-05-14 06:02:55,2026-05-13 21:03:10,2026-05-14 05:58:10,93.00%,522,13,96,311,115
2026-05-14 20:32:56,2026-05-15 04:54:11,2026-05-14 20:57:56,2026-05-15 04:34:11,89.00%,448,9,52,301,95
2026-05-15 20:26:06,2026-05-16 06:01:59,2026-05-15 20:38:36,2026-05-16 05:34:01,90.00%,518,18,50,348,120
2026-05-16 21:04:23,2026-05-17 05:50:55,2026-05-16 21:26:53,2026-05-17 05:31:53,86.00%,454,31,74,268,112
2026-05-17 20:30:14,2026-05-18 04:46:09,2026-05-17 20:53:24,2026-05-18 04:30:39,88.00%,436,22,75,291,70
2026-05-18 20:29:17,2026-05-19 04:50:47,2026-05-18 20:48:27,2026-05-19 04:48:17,88.00%,442,38,52,256,134
2026-05-19 20:43:28,2026-05-20 05:15:29,2026-05-19 20:58:29,2026-05-20 05:05:29,89.00%,459,28,75,299,85
2026-05-20 20:38:57,2026-05-21 05:34:52,2026-05-20 20:46:27,2026-05-21 05:22:22,94.00%,506,10,79,342,85
2026-05-21 20:32:41,2026-05-22 05:04:31,2026-05-21 20:47:41,2026-05-22 04:59:31,92.00%,470,22,51,374,45
2026-05-22 21:09:53,2026-05-23 04:57:13,2026-05-22 21:21:43,2026-05-23 04:54:53,93.00%,437,17,157,186,94
2026-05-23 21:20:01,2026-05-24 06:04:08,2026-05-23 21:27:36,2026-05-24 05:54:08,93.00%,490,17,108,297,85
2026-05-24 21:04:32,2026-05-25 06:41:42,2026-05-24 21:46:27,2026-05-25 06:16:42,86.00%,498,13,38,345,115
2026-05-25 21:06:52,2026-05-26 05:27:50,2026-05-25 21:51:53,2026-05-26 04:46:58,80.00%,403,13,45,290,68
2026-05-26 23:25:00,2026-05-27 07:30:31,2026-05-26 23:32:30,2026-05-27 07:28:01,95.00%,463,13,55,303,105
2026-05-27 21:40:32,2026-05-28 05:07:27,2026-05-27 21:57:17,2026-05-28 05:07:17,92.00%,413,17,90,215,108
2026-05-28 21:10:23,2026-05-29 05:17:08,2026-05-28 21:20:23,2026-05-29 05:15:23,93.00%,454,21,28,338,88
2026-05-29 20:45:46,2026-05-30 05:59:48,2026-05-29 21:35:46,2026-05-30 05:27:26,82.00%,457,15,71,281,105
2026-05-30 20:33:27,2026-05-31 05:36:05,2026-05-30 20:55:57,2026-05-31 05:10:57,90.00%,487,8,32,335,120
2026-05-31 15:45:34,2026-05-31 17:33:19,2026-05-31 15:55:34,2026-05-31 17:30:34,88.00%,95,0,20,55,20
2026-05-31 20:54:22,2026-06-01 05:03:16,2026-05-31 21:11:52,2026-06-01 05:01:52,94.00%,460,10,70,313,77
2026-06-01 20:55:53,2026-06-02 05:43:18,2026-06-01 21:08:23,2026-06-02 05:35:48,91.00%,483,25,100,285,98
2026-06-02 20:50:32,2026-06-03 04:46:22,2026-06-02 21:04:12,2026-06-03 04:43:02,93.00%,444,15,38,271,135
2026-06-03 20:43:53,2026-06-04 05:16:58,2026-06-03 20:59:38,2026-06-04 05:14:28,92.00%,475,20,60,275,140
2026-06-04 20:57:36,2026-06-05 05:12:56,2026-06-04 21:17:36,2026-06-05 05:12:36,92.00%,455,20,30,360,65
2026-06-05 20:33:18,2026-06-06 06:21:59,2026-06-05 20:53:19,2026-06-06 06:18:19,90.00%,532,33,106,336,90
2026-06-06 20:36:33,2026-06-07 05:22:54,2026-06-06 21:09:44,2026-06-07 05:19:04,91.00%,477,13,74,303,100
2026-06-07 20:39:37,2026-06-08 05:21:57,2026-06-07 21:02:07,2026-06-08 05:07:07,88.00%,460,25,50,312,98
2026-06-08 20:37:43,2026-06-09 05:11:55,2026-06-08 20:56:30,2026-06-09 05:10:15,93.00%,478,16,68,305,105
2026-06-09 20:42:58,2026-06-10 05:18:50,2026-06-09 20:50:28,2026-06-10 05:00:28,92.00%,477,13,22,350,105
2026-06-10 20:41:36,2026-06-11 05:18:31,2026-06-10 20:56:36,2026-06-11 05:06:36,92.00%,477,13,75,282,120
2026-06-11 20:47:45,2026-06-12 05:08:40,2026-06-11 21:12:00,2026-06-12 04:46:10,89.00%,444,11,60,302,82
2026-06-12 20:53:53,2026-06-13 05:23:43,2026-06-12 21:20:33,2026-06-13 05:10:33,90.00%,458,12,65,285,108
2026-06-13 21:16:05,2026-06-14 06:44:25,2026-06-13 21:26:05,2026-06-14 06:36:05,92.00%,522,28,60,362,100
2026-06-14 21:16:27,2026-06-15 07:06:27,2026-06-14 21:28:27,2026-06-15 05:56:27,80.00%,473,35,95,248,130
2026-06-15 20:33:15,2026-06-16 05:15:50,2026-06-15 21:02:30,2026-06-16 05:03:20,88.00%,461,20,121,232,108
2026-06-16 20:20:59,2026-06-17 04:54:29,2026-06-16 20:45:09,2026-06-17 04:53:29,92.00%,472,17,48,324,100
2026-06-17 21:07:12,2026-06-18 05:00:52,2026-06-17 21:18:52,2026-06-18 04:37:12,88.00%,416,23,54,242,120
2026-06-18 20:48:09,2026-06-19 05:08:54,2026-06-18 20:56:44,2026-06-19 05:06:24,93.00%,467,23,50,302,115
2026-06-19 20:26:59,2026-06-20 05:16:44,2026-06-19 20:56:34,2026-06-20 05:16:34,92.00%,490,10,80,320,90
2026-06-20 20:19,2026-06-21 05:17,2026-06-20 20:50,2026-06-21 05:11,89.00%,481,20,130,203,148
2026-06-21 21:09:15,2026-06-22 05:12:30,2026-06-21 21:16:45,2026-06-22 05:07:30,93.00%,451,20,60,341,50
2026-06-22 20:14:58,2026-06-23 05:13:43,2026-06-22 20:32:28,2026-06-23 05:03:43,92.00%,496,16,76,335,85
2026-06-23 20:45:00,2026-06-24 05:24:45,2026-06-23 20:52:30,2026-06-24 05:14:45,91.00%,475,28,50,330,95
2026-06-24 20:58:31,2026-06-25 05:06:21,2026-06-24 21:16:11,2026-06-25 05:01:01,93.00%,453,12,48,315,90
2026-06-25 20:48:13,2026-06-26 05:12:28,2026-06-25 20:53:13,2026-06-26 05:09:58,96.00%,484,13,32,322,130
2026-06-26 21:23:43,2026-06-27 05:20:48,2026-06-26 21:36:53,2026-06-27 04:53:18,90.00%,429,8,86,243,100
2026-06-27 20:04:49,2026-06-28 05:32:03,2026-06-27 20:27:20,2026-06-28 05:02:19,86.00%,488,27,78,314,96
2026-06-28 21:15,2026-06-29 05:15,2026-06-28 21:22,2026-06-29 05:11,90.00%,431,38,32,269,130
2026-06-29 20:10:37,2026-06-30 05:09:28,2026-06-29 20:28:58,2026-06-30 05:03:08,92.00%,495,20,50,370,75
2026-06-30 20:42:46,2026-07-01 05:11:16,2026-06-30 20:55:26,2026-07-01 05:10:26,91.00%,464,31,60,349,55
2026-07-01 20:21:27,2026-07-02 05:11:59,2026-07-01 20:46:29,2026-07-02 05:11:29,91.00%,483,22,45,378,60
2026-07-02 20:52:00,2026-07-03 05:16:55,2026-07-02 20:59:30,2026-07-03 05:11:55,92.00%,466,27,60,296,110
2026-07-03 14:51:59,2026-07-03 17:09:29,2026-07-03 15:21:59,2026-07-03 16:56:59,65.00%,90,5,20,55,15
2026-07-03 23:29,2026-07-04 07:43,2026-07-03 23:34,2026-07-04 07:40,95.00%,470,16,40,330,100
2026-07-04 15:50:57,2026-07-04 18:11:42,2026-07-04 15:58:27,2026-07-04 18:09:12,91.00%,128,3,10,93,25
2026-07-04 22:42:50,2026-07-05 05:55:02,2026-07-04 22:52:50,2026-07-05 05:30:00,89.00%,387,11,115,172,100
2026-07-05 21:26:52,2026-07-06 07:37:57,2026-07-05 21:31:52,2026-07-06 07:31:52,92.00%,563,37,121,342,100
2026-07-07 00:22:46,2026-07-07 08:17:46,2026-07-07 01:22:46,2026-07-07 08:07:46,83.00%,393,12,118,165,110
2026-07-07 23:45:16,2026-07-08 05:35:16,2026-07-08 00:04:26,2026-07-08 05:24:26,87.00%,306,14,45,181,80
2026-07-08 20:10:36,2026-07-09 05:27:38,2026-07-08 20:55:28,2026-07-09 05:10:28,87.00%,488,7,35,378,75
2026-07-09 21:17:25,2026-07-10 05:17:35,2026-07-09 21:32:50,2026-07-10 05:12:25,93.00%,445,15,65,275,105
2026-07-10 20:34:10,2026-07-11 05:44:13,2026-07-10 20:52:50,2026-07-11 05:16:40,88.00%,486,18,60,371,55
2026-07-11 20:49:58,2026-07-12 05:53:43,2026-07-11 20:57:28,2026-07-12 05:42:28,94.00%,514,11,100,359,55
2026-07-12 20:48:31,2026-07-13 05:13:51,2026-07-12 20:53:31,2026-07-13 05:13:31,96.00%,488,12,65,328,95
2026-07-13 20:50:33,2026-07-14 05:17:29,2026-07-13 20:58:04,2026-07-14 05:14:59,96.00%,485,12,58,327,100
2026-07-14 20:47:28,2026-07-15 05:25:58,2026-07-14 21:06:48,2026-07-15 05:10:58,87.00%,454,31,92,232,130
2026-07-15 20:47:00,2026-07-16 05:20:35,2026-07-15 20:57:00,2026-07-16 05:08:05,93.00%,476,16,55,351,70
2026-07-16 20:52:53,2026-07-17 05:13:08,2026-07-16 21:05:23,2026-07-17 05:00:38,91.00%,455,21,22,373,60
2026-07-17 20:36,2026-07-18 05:14,2026-07-17 20:46,2026-07-18 05:11,95.00%,490,15,95,268,127
2026-07-18 20:09,2026-07-19 05:12,2026-07-18 20:19,2026-07-19 05:09,95.00%,517,13,50,391,76
2026-07-19 20:44,2026-07-20 05:10,2026-07-19 20:55,2026-07-20 05:04,94.00%,477,13,72,335,70
2026-07-20 20:43:23,2026-07-21 05:12:18,2026-07-20 20:53:23,2026-07-21 05:09:48,93.00%,474,23,30,359,85
