Date,Steps,Calories(kcal)
2025-07-21,7129,3720
2025-07-22,7456,3881
2025-07-23,7853,4089
2025-07-24,12024,4596
2025-07-25,9575,3918
2025-07-26,11472,4307
2025-07-27,11633,4153
2025-07-28,7317,3842
2025-07-29,11386,4415
2025-07-30,11586,4449
2025-07-31,6242,3648
2025-08-01,7558,3881
2025-08-02,7781,3872
2025-08-03,11420,4832
2025-08-04,7286,3939
2025-08-05,13061,4709
2025-08-06,6760,3956
2025-08-07,10040,4362
2025-08-08,6475,3807
2025-08-09,8941,4108
2025-08-10,9523,4343
2025-08-11,6354,3760
2025-08-12,14390,5087
2025-08-13,10190,4281
2025-08-14,7096,3686
2025-08-15,7338,3747
2025-08-16,9438,4079
2025-08-17,9726,3938
2025-08-18,6378,3609
2025-08-19,6603,3494
2025-08-20,10607,4256
2025-08-21,5136,3373
2025-08-22,9974,3979
2025-08-23,12384,4349
2025-08-24,8951,4083
2025-08-25,7966,3846
2025-08-26,10398,4156
2025-08-27,7725,3778
2025-08-28,9416,3880
2025-08-29,7110,3604
2025-08-30,9546,4052
2025-08-31,9900,4034
2025-09-01,9214,3618
2025-09-02,6764,3555
2025-09-03,10322,3694
2025-09-04,11388,3953
2025-09-05,10422,3895
2025-09-06,13654,4154
2025-09-07,4921,3253
2025-09-08,5506,3267
2025-09-09,8320,3625
2025-09-10,5804,3428
2025-09-11,12310,3657
2025-09-12,4301,3102
2025-09-13,5334,3250
2025-09-14,6284,3257
2025-09-15,5505,3360
2025-09-16,8029,3882
2025-09-17,10084,3610
2025-09-18,8883,3636
2025-09-19,12006,4251
2025-09-20,13975,3972
2025-09-21,19224,5010
2025-09-22,5741,3370
2025-09-23,6698,3493
2025-09-24,5205,3407
2025-09-25,7159,3575
2025-09-26,5578,3259
2025-09-27,15345,4794
2025-09-28,10180,3743
2025-09-29,5203,3319
2025-09-30,8472,3816
2025-10-01,6173,3463
2025-10-02,7458,3646
2025-10-03,9279,3684
2025-10-04,7486,3488
2025-10-05,20544,4973
2025-10-06,7321,3546
2025-10-07,6653,3553
2025-10-08,5541,3369
2025-10-09,4661,3169
2025-10-10,9577,3950
2025-10-11,8997,3965
2025-10-12,7038,3584
2025-10-13,6623,3471
2025-10-14,10602,3918
2025-10-15,6167,3687
2025-10-16,8322,3751
2025-10-17,6882,3470
2025-10-18,8831,3560
2025-10-19,5685,3442
2025-10-20,7112,3568
2025-10-21,7299,3519
2025-10-22,8879,3766
2025-10-23,8055,3484
2025-10-24,9493,3937
2025-10-25,11424,4052
2025-10-26,6127,3406
2025-10-27,9292,3939
2025-10-28,12224,3788
2025-10-29,9787,3744
2025-10-30,8853,3755
2025-10-31,8742,3785
2025-11-01,9454,3437
2025-11-02,5244,3048
2025-11-03,8631,3548
2025-11-04,6654,3508
2025-11-05,3761,3032
2025-11-06,6507,3470
2025-11-07,9085,3732
2025-11-08,9902,3802
2025-11-09,6091,3228
2025-11-10,11005,3892
2025-11-11,8476,3743
2025-11-12,7360,3524
2025-11-13,11970,4346
2025-11-14,7089,3473
2025-11-15,7137,3409
2025-11-16,7734,3509
2025-11-17,3950,3131
2025-11-18,10817,4494
2025-11-19,9647,3907
2025-11-20,10419,3922
2025-11-21,10435,3823
2025-11-22,12042,4013
2025-11-23,11731,4156
2025-11-24,13729,4301
2025-11-25,7819,4680
2025-11-26,10453,4128
2025-11-27,5785,3439
2025-11-28,6030,3151
2025-11-29,6293,3411
2025-11-30,8702,3698
2025-12-01,10651,3907
2025-12-02,12258,4143
2025-12-03,9352,3607
2025-12-04,11310,3849
2025-12-05,4204,2972
2025-12-06,11631,3926
2025-12-07,7795,3355
2025-12-08,10279,3829
2025-12-09,9228,3781
2025-12-10,11366,3845
2025-12-11,9220,3601
2025-12-12,7345,3621
2025-12-13,11781,3965
2025-12-14,5626,3235
2025-12-15,9401,3562
2025-12-16,12240,4052
2025-12-17,8214,3428
2025-12-18,8298,3546
2025-12-19,9305,3706
2025-12-20,10411,3694
2025-12-21,7204,3278
2025-12-22,12667,3717
2025-12-23,11117,3882
2025-12-24,11758,4063
2025-12-25,6121,3381
2025-12-26,11071,3922
2025-12-27,11692,3911
2025-12-28,10736,3816
2025-12-29,10317,3785
2025-12-30,14210,4114
2025-12-31,9802,3507
2026-01-01,12841,3901
2026-01-02,11119,3832
2026-01-03,598,2233
2026-01-09,2764,2574
2026-01-10,12703,3923
2026-01-11,10942,3690
2026-01-12,11529,3760
2026-01-13,13659,4117
2026-01-14,11482,3768
2026-01-15,12613,3848
2026-01-16,11618,3832
2026-01-17,12607,3971
2026-01-18,12748,3927
2026-01-19,15721,4094
2026-01-20,13021,4040
2026-01-21,9971,3566
2026-01-22,13443,3767
2026-01-23,12301,3868
2026-01-24,9721,3717
2026-01-25,13864,4173
2026-01-26,12897,4033
2026-01-27,14912,4305
2026-01-28,11685,3784
2026-01-29,11808,3790
2026-01-30,12290,3789
2026-01-31,11885,3812
2026-02-01,13614,3951
2026-02-02,13364,4028
2026-02-03,15635,4226
2026-02-04,14576,4023
2026-02-05,12455,3753
2026-02-06,12529,3982
2026-02-07,14742,4097
2026-02-08,11839,3809
2026-02-09,12534,3931
2026-02-10,13238,3987
2026-02-11,13586,4076
2026-02-12,11570,3657
2026-02-13,11026,3833
2026-02-14,11762,3916
2026-02-15,12240,3828
2026-02-16,12919,3777
2026-02-17,13810,3992
2026-02-18,12474,3812
2026-02-19,11736,3783
2026-02-20,12467,3822
2026-02-21,13644,4081
2026-02-22,13673,4015
2026-02-23,11856,3889
2026-02-24,13230,3998
2026-02-25,12074,3714
2026-02-26,13439,3947
2026-02-27,11273,3792
2026-02-28,11547,3908
2026-03-01,12833,3823
2026-03-02,11704,3824
2026-03-03,11541,3785
2026-03-04,12530,3901
2026-03-05,10735,3776
2026-03-06,8465,3571
2026-03-07,11541,3716
2026-03-08,8158,3450
2026-03-09,11295,3717
2026-03-10,6562,3388
2026-03-11,15964,4316
2026-03-12,12592,3965
2026-03-13,6355,3382
2026-03-14,12268,3898
2026-03-15,9085,3562
2026-03-16,12262,3850
2026-03-17,8771,3649
2026-03-18,15280,4201
2026-03-19,13169,4018
2026-03-20,8061,3473
2026-03-21,12959,3904
2026-03-22,11310,3935
2026-03-23,11223,3571
2026-03-24,12101,3913
2026-03-25,11657,3818
2026-03-26,12309,3850
2026-03-27,11195,3776
2026-03-28,4876,3365
2026-03-29,10049,3595
2026-03-30,12522,3915
2026-03-31,12164,3719
2026-04-01,14292,3872
2026-04-02,14058,3970
2026-04-03,12993,3762
2026-04-04,13166,3819
2026-04-05,15040,4004
2026-04-06,14332,3873
2026-04-07,11600,3606
2026-04-08,15671,4106
2026-04-09,13524,3833
2026-04-10,13308,3749
2026-04-11,14156,3948
2026-04-12,14151,3832
2026-04-13,15915,4056
2026-04-14,16892,4122
2026-04-15,14384,3822
2026-04-16,14873,3892
2026-04-17,17517,4109
2026-04-18,15852,4123
2026-04-19,12597,3651
2026-04-20,18142,4235
2026-04-21,14414,3855
2026-04-22,13418,3757
2026-04-23,12997,3637
2026-04-24,12512,3675
2026-04-25,15325,3968
2026-04-26,5112,3062
2026-04-27,6107,3262
2026-04-28,13493,3784
2026-04-29,13404,3836
2026-04-30,14589,3998
2026-05-01,14701,3947
2026-05-02,12660,3646
2026-05-03,13340,3859
2026-05-04,13164,3771
2026-05-05,14957,3822
2026-05-06,15017,4044
2026-05-07,12911,3761
2026-05-08,14108,3777
2026-05-09,13575,3709
2026-05-10,10448,3400
2026-05-11,4542,3033
2026-05-12,10755,3470
2026-05-13,12678,3662
2026-05-14,14216,3694
2026-05-15,13060,3764
2026-05-16,12851,3674
2026-05-17,13994,3671
2026-05-18,20489,4814
2026-05-19,15568,4091
2026-05-20,14092,3769
2026-05-21,15360,3982
2026-05-22,14067,3744
2026-05-23,6667,3144
2026-05-24,7692,3251
2026-05-25,5329,3079
2026-05-26,5378,3167
2026-05-27,8952,3218
2026-05-28,15808,4147
2026-05-29,15100,3757
2026-05-30,13259,3737
2026-05-31,12618,3564
2026-06-01,12107,3578
2026-06-02,15773,4133
2026-06-03,14789,3890
2026-06-04,13778,3766
2026-06-05,16729,4214
2026-06-06,13720,3794
2026-06-07,11862,3550
2026-06-08,12419,3668
2026-06-09,12616,3568
2026-06-10,13105,3710
2026-06-11,13707,3826
2026-06-12,12554,3593
2026-06-13,14310,3873
2026-06-14,15452,4220
2026-06-15,5806,3076
2026-06-16,17292,4407
2026-06-17,12740,3604
2026-06-18,14871,3803
2026-06-19,13394,3641
2026-06-20,13432,3757
2026-06-21,14192,3772
2026-06-22,15048,4036
2026-06-23,12607,3684
2026-06-24,13858,3910
2026-06-25,16103,4081
2026-06-26,12459,3744
2026-06-27,13729,3618
2026-06-28,12099,3661
2026-06-29,13230,3746
2026-06-30,14664,3818
2026-07-01,12979,3603
2026-07-02,14846,3972
2026-07-03,14934,3711
2026-07-04,6422,3078
2026-07-05,8880,3390
2026-07-06,7106,3303
2026-07-07,9318,3000
2026-07-08,13566,3776
2026-07-09,12332,3519
2026-07-10,18388,4531
2026-07-11,16992,4032
2026-07-12,15552,3986
2026-07-13,15490,3924
2026-07-14,12714,3474
2026-07-15,18934,4231
2026-07-16,13374,3668
2026-07-17,16361,3949
2026-07-18,14690,3799
2026-07-19,13462,3698
2026-07-20,13716,3787
